Workbook

Sheet 英雄基础信息配置表
A1: 英雄id | B1: 名字 | C1: 资源id | D1: 幻影资源名 | E1: 是否有 武器资源 | F1: 轮胎资源 有的行走有痕迹(1履带,2轮胎) | G1: 头像 | H1: 一次连续出多少单位 | I1: 多少数量集合成一个单位 (多步兵集合在一起) | J1: 职业 | K1: 单位类型 0、机械的（飞机坦克）默认 1、建筑 2、生物（人类、狗） | L1: 兵种 0:其他 1：坦克类 2：战车类 3：飞机类 4：士兵类 | M1: 必填 单位所在范围 0、陆地 1、空中 | N1: 飞行方式 0、漂浮类 1、盘旋 | O1: 飞行高度 | P1: 在地图上的占位 (默认是占一格) 写2（表示长宽2,占4格） 写3（表示长宽3,占9格） | Q1: 路障 额外占用可行走区域 {-1,-1},{1,1} 相对于路障点周围的点 | R1: 所占的人口 | S1: 生产时间(毫秒) | T1: 主武器伤害对装甲 2500,2500,2500,7500,10000,10000,6500,6500,6000,2500,10000 10000为分母 | U1: 副武器伤害对装甲 加成 | V1: 必填 攻击空中 陆地 0、陆地 1、空中 2、全部 | W1: 装甲类型 1无盔甲、2英雄盔甲、3重型盔甲、4轻型装甲、5中型装甲、6重型装甲、7建筑:木质材料、8建筑:钢铁材料、9建筑:钢筋混凝土材料、10轻型特殊装甲、11重型特殊装甲 | X1: 目标优先级(填职业) | Y1: 忽略列表（填职业） | Z1: 炮弹值(飞机有效) 武器类型,炮弹值 1,3 表示主武器炮弹值3 2,4 表示副武器炮弹值4 副武器炮弹值消耗完了不会回家装弹 | AA1: 主攻击间隔(ms) | AB1: 副武器攻击间隔 | AC1: 移动速度(走一格多少毫秒) 为-1时,不能移动,对时空军团兵来说该值为传送后每一格距离僵直时间 | AD1: 转身速度 (多少毫秒转一圈) 飞机移动速度越快 转圈速度也要越快 | AE1: 主武器 攻击范围 【最大攻击距离，最小攻击距离（可不填）】 10,4 (表示最大攻击10，最小攻4) 9 （表示最大攻击9，最小可不填） | AF1: 副武器 攻击范围 【最大攻击距离，最小攻击距离（可不填）】 10,4 (表示最大攻击10，最小攻4) 9 （表示最大攻击9，最小可不填） | AG1: eye范围 10,4 (表示视野10，最小视野4) 注：最小视野范围可不填 | AH1: 技能01 | AI1: 技能发招顺序 | AJ1: 副武器 技能02 | AK1: 技能发招顺序 | AL1: 可载多少人 | AM1: 可载什么职业 | AN1: 不同职业，炮台改变资源 没变的不填 不同炮台这样填 "x","xxx","xx" | AO1: 不同职业乘客 改变运兵车技能 | AP1: 伤害对装甲 1无盔甲、2英雄盔甲、3重型盔甲、4轻型装甲、5中型装甲、6重型装甲、7建筑:木质材料、8建筑:钢铁材料、9建筑:钢筋混凝土材料、10轻型特殊装甲、11重型特殊装甲 加成变化 (第x类装甲,百分比,第y类装甲,百分比,....)（10000为基数） {1,500,4,-200},{1,500,4,-200} | AQ1: 载人后增加属性种类 1：当前hp, 2：最大hp(生命上限) 3：移动速度 4：主武器攻击 5：副武器攻击 6：主武器攻击速度 7：副武器攻击速度 8:防御 | AR1: 载人后增加对应的属性百份比 （10000为基数） | AS1: 载人后对应职业切换的ai | AT1: s音效 可以有多个 "hero1001" 或者 "hero1001","hero1002" | AU1: 一直加在英雄身上的特效 | AV1: 移动特效 | AW1: 待机特效 | AX1: 死亡特效 | AY1: 尸体特效 死亡后留在场景 | AZ1: 死亡技能 | BA1: 特殊AI 0.普通AI 1、轰炸机AI 2.幻影坦克AI 3.超时空军团兵AI 4.多功能运兵车 5.心灵控制AI 6.谭雅AI 7.恐怖机械人AI 8.冷冻直升机AI 9.法国巨炮AI 10.神经突击车AI 11.工程师AI 12.间谍AI 13.娜塔莎AI 14.自爆AI 15.空母AI 16.空母战机 17.士兵ai 不动的时候防御提高 18.警犬ai 19.飞碟AI,停留时使附机械单位瘫痪 20.天启AI,场上天启越多就越硬,加BUFF 21.灰熊AI,场上有大兵提升灰熊攻速,能发现幻影 22 鬼王机甲 死亡爆炸 尸体停留 | BB1: 免疫xx,免疫是 默认是可以 第1位=1,表示免疫心灵控制,不会给控制 第2位=1,表示免疫爆破,不会给谭雅绑炸弹 第3位=1,表示免疫寄生,不会给恐怖机械人寄生 第4位=1,表示免疫冰冻,不会给冷冻直升机冰冻 第5位=1,表示免疫混乱,不会让神经突击车变混乱 第6位=1,表示不能修理,不能让工程师修理 第7位=1,可以识别间谍 | BC1: 心灵控制数量 | BD1: 单位出场动画 总部有 法国巨炮有 | BE1: 属性系数 | BF1: 英雄简介 () | BG1: 是否可为机器人 0：不可配置为机器人 1：可以 | BH1: 定位 | BI1: 主武器名字 | BJ1: 副武器名字 | BK1: 装甲名字 | BL1: 图鉴 | BM1: 载人后副武器技能 | BN1: 出现 | BO1: 能力（1-5） | BR1: 副武器
A2: id | B2: name | C2: res | D2: illusory | E2: atkRes | F2: tyre | G2: head | H2: heroNum | I2: avNum | J2: career | K2: heroType | L2: arm | M2: scope | N2: flyType | O2: flyHeight | P2: posLength | Q2: occupy | R2: populace | S2: pTime | T2: atkRate | U2: atkRate_1 | V2: atkScope | W2: defType | X2: priority | Y2: ignore | Z2: bombNum | AA2: main_atkCD | AB2: minor_atkCD | AC2: speed | AD2: turnSpeed | AE2: atkRange | AF2: atkRange_1 | AG2: warnRange | AH2: skills | AI2: skillTurn | AJ2: skills_1 | AK2: skillTurn_1 | AL2: passengerNum | AM2: passengerCareer | AN2: passengerAtkRes | AO2: passengerSkill | AP2: passengerAtkRate | AQ2: passengerAttType | AR2: passengerAttRate | AS2: passengerAI | AT2: effect | AU2: heroMagic | AV2: moveMagic | AW2: standMagic | AX2: dieMagic | AY2: corpseMagic | AZ2: dieSkill | BA2: speciaAI | BB2: immune | BC2: charmNum | BD2: comeOutRes | BE2: attrFactor | BF2: desc | BG2: robot | BH2: designing | BI2: main_atk_name | BJ2: minor_atk_name | BK2: defName | BL2: card | BM2: passengerSkill_1
A3: int | B3: string | C3: string | D3: string | E3: int | F3: int | G3: int | H3: int | I3: int | J3: int | K3: int | L3: int | M3: int | N3: int | O3: int | P3: int | Q3: array | R3: int | S3: int | T3: array | U3: array | V3: array | W3: int | X3: array | Y3: array | Z3: array | AA3: int | AB3: int | AC3: int | AD3: int | AE3: array | AF3: array | AG3: array | AH3: array | AI3: array | AJ3: array | AK3: array | AL3: int | AM3: array | AN3: array | AO3: array | AP3: array | AQ3: array | AR3: array | AS3: array | AT3: array | AU3: array | AV3: array | AW3: array | AX3: array | AY3: int | AZ3: array | BA3: int | BB3: array | BC3: int | BD3: string | BE3: float | BF3: string | BG3: int | BH3: string | BI3: string | BJ3: string | BK3: string | BL3: int | BM3: array
A4: 1001 | B4: 幻影坦克 | C4: hero/MirageTank | D4: fight_tree | E4: 1 | F4: 1 | G4: 101001 | J4: 121 | K4: 0 | L4: 1 | M4: 0 | P4: 1 | R4: 2 | S4: 99999999 | T4: 15000,15000,14000,5000,5000,5000,3000,2000,2000,10000,10000 | V4: 0 | W4: 4 | X4: 1,2,110 | Y4: 5,6,7 | AA4: 4200 | AC4: 555 | AE4: 5 | AG4: 10 | AH4: 10810 | AI4: 1 | AT4: "s_standingBy" | AV4: 100 | AX4: 107 | BA4: 2 | BB4: 0,0,0,0,0,0,0 | BE4: 1 | BF4: 可以伪装成树木来隐藏自己，随后突然发动袭击。 | BG4: 0 | BH4: 进攻型单位 | BI4: 光谱散射炮 | BJ4: 无 | BK4: 乔巴姆装甲 | BL4: 111001 | BN4: 第一次测试 | BO4: 4 | BQ4: 宝箱
A5: 1002 | B5: 天启坦克 | C5: hero/ApocalypseTank | E5: 1 | F5: 1 | G5: 101002 | J5: 122 | K5: 0 | L5: 1 | M5: 0 | P5: 1 | R5: 4 | S5: 99999999 | T5: 2500,2500,2500,7500,10000,10000,10000,10000,7000,6000,10000 | U5: 10000,9000,8000,7000,3500,3500,7500,4000,2000,8000,10000 | V5: 0,1 | W5: 6 | X5: 1,2,110 | AA5: 3180 | AB5: 5000 | AC5: 800 | AE5: 4 | AF5: 3 | AG5: 12 | AH5: 10010 | AI5: 1 | AJ5: 10011 | AK5: 1 | AT5: "s_MovingOut" | AU5: 103 | AV5: 100,13 | AX5: 107 | BA5: 20 | BB5: 0,0,0,0,0,0,0 | BE5: 1 | BF5: 最坚实可靠的坦克,场上的天启越多,单体防御就越高,防空能力有限。 | BG5: 0 | BH5: 进攻型单位 | BI5: 龙式加农炮 | BJ5: 猛犸牙防空导弹 | BK5: 自愈型装甲 | BL5: 111002 | BN5: 第一次测试 | BO5: 5 | BQ5: 宝箱 | BR5: 有
A6: 1003 | B6: 犀牛坦克 | C6: hero/Rhino | E6: 1 | F6: 1 | G6: 101003 | J6: 101 | K6: 0 | L6: 1 | M6: 0 | P6: 1 | R6: 2 | S6: 99999999 | T6: 2500,2500,1500,7500,10000,10000,6500,4500,6000,6000,10000 | V6: 0 | W6: 6 | X6: 1,2,110 | AA6: 3900 | AC6: 600 | AE6: 4 | AG6: 8 | AH6: 11810 | AI6: 1 | AT6: "s_RhinoBorn" | AV6: 101 | AX6: 107 | BA6: 0 | BB6: 0,0,0,0,0,0,0 | BE6: 1 | BF6: 便宜，高效，但炮击对防御工事内的士兵伤害不高。 | BG6: 1 | BH6: 进攻型单位，支援型单位 | BI6: 自供弹滑膛炮 | BJ6: 无 | BK6: 复合装甲 | BL6: 111003 | BN6: 第一次测试 | BO6: 2 | BP6: 送
A7: 1004 | B7: 坦克杀手 | C7: hero/tankKiller | E7: 1 | F7: 1 | G7: 101004 | J7: 101 | K7: 0 | L7: 1 | M7: 0 | P7: 1 | R7: 3 | S7: 99999999 | T7: 200,200,200,30000,12000,30000,200,200,200,200,10000 | V7: 0 | W7: 6 | X7: 101,107,108,111,112,113,114,115,121,122,123,124 | AA7: 4200 | AC7: 700 | AE7: 4 | AG7: 10 | AH7: 11410 | AI7: 1 | AT7: "s_tankKillerBorn" | AV7: 100 | AX7: 107 | BA7: 0 | BB7: 0,0,0,0,0,0,0 | BE7: 1 | BF7: 所有重甲类单位的恶梦，但那飞机好像一点都不怕他。 | BG7: 0 | BH7: 辅助型单位 | BI7: 贫铀穿甲炮 | BJ7: 无 | BK7: 复合装甲 | BL7: 111004 | BN7: 第一次测试 | BO7: 3
A8: 1005 | B8: 灰熊坦克 | C8: hero/GrizzlyTank | E8: 1 | F8: 1 | G8: 101005 | J8: 101 | K8: 0 | L8: 1 | M8: 0 | P8: 1 | R8: 2 | S8: 99999999 | T8: 7000,7000,5000,7500,10000,10000,6500,4500,6000,6000,10000 | V8: 0 | W8: 6 | X8: 1,2,110 | AA8: 3600 | AC8: 666 | AE8: 4 | AG8: 10 | AH8: 11610 | AI8: 1 | AT8: "s_GrizzlyTankBorn" | AV8: 101 | AX8: 107 | BA8: 21 | BB8: 0,0,0,0,0,0,0 | BE8: 1 | BF8: 便宜，高效，利用量大的优势形成钢铁洪流冲垮敌人。 | BG8: 1 | BH8: 支援型单位，进攻型单位 | BI8: 线膛炮 | BJ8: 无 | BK8: 复合装甲 | BL8: 111005 | BN8: 第一次测试 | BO8: 2 | BP8: 送
A9: 1006 | B9: 光棱 | C9: hero/MirageTank | E9: 1 | F9: 1 | G9: 101006 | J9: 101 | K9: 0 | L9: 1 | M9: 0 | P9: 1 | R9: 2 | S9: 99999999 | T9: 10000,10000,8000,10000,10000,10000,3000,2000,2000,10000,10000 | V9: 0 | W9: 4 | X9: 1,2,110 | Y9: 5,6,7 | AA9: 4200 | AC9: 666 | AE9: 5 | AG9: 10 | AH9: 10810 | AI9: 1 | AT9: "s_standingBy" | AV9: 100 | AX9: 107 | BA9: 2 | BB9: 0,0,0,0,0,0,0 | BE9: 1 | BF9: 当死神把光线当做镰刀，激光溅射使成片的敌人将倒下他的身下。 | BG9: 0 | BH9: 进攻型单位，辅助型单位 | BI9: 光棱透镜炮台 | BJ9: 无 | BK9: 轻便装甲 | BL9: 111006 | BO9: 4
A10: 1007 | B10: 磁能坦克 | C10: hero/teslaTank | E10: 1 | F10: 1 | G10: 101007 | J10: 101 | K10: 0 | L10: 1 | M10: 0 | P10: 1 | R10: 2 | S10: 99999999 | T10: 30000,30000,30000,8500,10000,10000,5000,5000,5000,20000,10000 | V10: 0 | W10: 6 | X10: 103,116,110,119,117,118 | Y10: 5,6,7 | AA10: 4500 | AC10: 666 | AE10: 3 | AG10: 10 | AH10: 11010 | AI10: 1 | AT10: "s_Electrodesready" | AU10: 104 | AV10: 100 | AX10: 107 | BA10: 0 | BB10: 0,0,0,0,0,0,0 | BE10: 1 | BF10: 运用特拉斯能量形成致命的电流。对士兵杀伤力巨大。 | BG10: 1 | BH10: 支援型单位 | BI10: 磁爆线圈 | BJ10: 无 | BK10: 钢腔绝缘装甲 | BL10: 111007 | BN10: 第一次测试 | BO10: 3.5
A11: 1008 | B11: 遥控坦克 | C11: hero/RobotTank | E11: 1 | G11: 101008 | J11: 112 | K11: 0 | L11: 1 | M11: 0 | P11: 1 | R11: 2 | S11: 99999999 | T11: 2500,2500,1500,7500,10000,10000,6500,4500,6000,6000,10000 | V11: 0 | W11: 6 | X11: 110,107 | AA11: 3600 | AC11: 666 | AE11: 4 | AG11: 12 | AH11: 12310 | AI11: 1 | AT11: "s_RobotTankBORN" | AV11: 101 | AX11: 133 | BA11: 0 | BB11: 1,0,0,0,1,0,0 | BE11: 1 | BF11: 遥控坦克并没有驾驶人员，所以不受心灵控制/神经毒气的影响。 | BG11: 1 | BH11: 支援型单位，进攻型单位 | BI11: 近距85mm双管炮 | BJ11: 无 | BK11: 铝合金装甲 | BL11: 111008 | BN11: 第一次测试 | BO11: 3
A12: 1009 | B12: 盖特坦克 | C12: hero/gateTank | E12: 1 | F12: 1 | G12: 101009 | J12: 101 | K12: 0 | L12: 1 | M12: 0 | P12: 1 | R12: 2 | S12: 99999999 | T12: 20000,16000,14000,3000,2000,800,1000,500,300,20000,5000 | V12: 2 | W12: 4 | X12: 103,116,110,119,117,118 | AA12: 1200 | AC12: 666 | AE12: 3 | AG12: 10 | AH12: 10610 | AI12: 1 | AT12: "s_easyTarget" | AV12: 100 | AX12: 107 | BA12: 0 | BB12: 0,0,0,0,0,0,0 | BE12: 1 | BF12: 这种坦克装备着两口大型机关枪，可以对空或对地。对士兵/轻甲单位杀伤力巨大。 | BG12: 1 | BH12: 支援型单位，进攻型单位 | BI12: 液氮加特林机枪 | BJ12: 无 | BK12: 铝合金装甲 | BL12: 111009 | BN12: 第一次测试 | BO12: 1.5 | BP12: 送
A13: 1010 | B13: 未来坦克 | C13: hero/FutureTank | F13: 1 | G13: 101010 | J13: 123 | K13: 0 | L13: 1 | M13: 0 | P13: 2 | R13: 4 | S13: 99999999 | T13: 2500,2500,2500,7500,10000,10000,10000,10000,7000,6000,10000 | V13: 0,1 | W13: 6 | X13: 1,2,110 | AA13: 3000 | AC13: 800 | AE13: 4 | AG13: 10 | AH13: 12710 | AI13: 1 | AT13: "s_SUHamme_VoiAttacke" | AU13: 137 | AX13: 107 | BA13: 0 | BB13: 1,0,1,1,1,0,0 | BE13: 1 | BF13: 高级电脑控制的坦克。不受心灵控制/神经毒气/时空旋涡/寄生的影响。 | BG13: 0 | BH13: 进攻型单位 | BI13: 中子扰动炮 | BJ13: 无 | BK13: 未来装甲 | BL13: 111010 | BO13: 5.5
A14: 1011 | B14: 鬼王机甲 | C14: hero/KingOni | G14: 101011 | J14: 124 | K14: 0 | L14: 1 | M14: 0 | P14: 2 | R14: 5 | S14: 99999999 | T14: 10000,10000,8000,10000,10000,10000,3000,2000,2000,10000,10000 | U14: 10000,8000,6000,16000,15000,15000,10000,10000,6000,10000,10000 | V14: 0,2 | W14: 6 | X14: 1,2,110 | AA14: 2000 | AB14: 5000 | AC14: 600 | AE14: 4 | AF14: 5 | AG14: 10 | AH14: 12810 | AI14: 1 | AJ14: 12812 | AK14: 1 | AT14: "s_JUKingO_VoiMovAttd" | AV14: 135 | AZ14: 12811 | BA14: 22 | BB14: 1,0,1,1,1,0,0 | BE14: 1 | BF14: 横行陆地。不受心灵控制/神经毒气/冷冻/寄生的影响。 | BG14: 0 | BH14: 进攻型单位 | BI14: 双眼死光炮 | BJ14: 无 | BK14: 复合装甲 | BL14: 111011 | BN14: 第一次测试 | BO14: 6
A15: 2001 | B15: 多功能车 | C15: hero/MultInfantryVeh | E15: 1 | F15: 2 | G15: 102001 | J15: 115 | K15: 0 | L15: 2 | M15: 0 | P15: 1 | R15: 3 | S15: 99999999 | T15: 10000,10000,10000,7000,7000,3500,7500,4000,2000,8000,10000 | V15: 0 | W15: 4 | X15: 1,2,110 | AA15: 1000 | AC15: 800 | AE15: 4 | AG15: 12 | AH15: 13110 | AI15: 1 | AL15: 1 | AM15: 103,116,109 | AN15: "x","xxxxx","xx" | AO15: 13110,13111,13112 | AP15: {1,2000,2,2000,3,2000,4,2000,5,2000},{1,3333,2,3333,3,3333},{1,2000,2,2000,3,2000,4,2000,5,2000} | AQ15: {2,4,8},{2,4,8},{2,4,8} | AR15: {10000,10000,10000},{10000,10000,10000},{10000,10000,10000} | AS15: 0,3,0 | AT15: "s_AUIFV_VoiCreatea" | AV15: 100 | AX15: 107 | BA15: 4 | BB15: 0,0,0,0,0,0,0 | BE15: 1 | BF15: 会因内部搭载的士兵部队而改变其武装,士兵越强,战车越强。 | BG15: 1 | BH15: 进攻型单位 | BI15: 特殊多功能炮塔 | BJ15: 无 | BK15: 复合装甲 | BL15: 112001 | BM15: 12511 | BN15: 第一次测试 | BO15: 4 | BR15: 有
A16: 2002 | B16: 恐怖机器人 | C16: hero/TerrorDrone | F16: 1 | G16: 102002 | J16: 108 | K16: 0 | L16: 2 | M16: 0 | P16: 1 | R16: 2 | S16: 99999999 | T16: 10000,8000,8000,5000,2500,2500,7500,5000,2500,10000,10000 | U16: 10000,8000,8000,15000,25000,25000,7500,5000,2500,10000,10000 | V16: 0,0 | W16: 4 | X16: 1,2,110 | Y16: 3,4,5,6,7 | AA16: 3600 | AB16: 2000 | AC16: 666 | AE16: 1 | AG16: 8 | AH16: 11910 | AI16: 1 | AJ16: 11911 | AK16: 1 | AT16: "s_TerrorDronea" | AX16: 107 | BA16: 7 | BB16: 1,0,1,0,1,0,0 | BE16: 1 | BF16: 被恐怖机器人所寄生是大部分机械单位的克星，速度快，攻击力强。 | BG16: 0 | BH16: 辅助型单位 | BI16: 铱合金拆卸爪 | BJ16: 无 | BK16: 铝合金装甲 | BL16: 112002 | BO16: 3 | BP16: 送
A17: 2003 | B17: 自爆卡车 | C17: hero/ExplosiveTruck | F17: 2 | G17: 102003 | J17: 111 | K17: 0 | L17: 2 | M17: 0 | P17: 1 | R17: 2 | S17: 99999999 | T17: 50000,50000,50000,50000,50000,50000,40000,75000,50000,50000,50000 | V17: 0 | W17: 4 | X17: 1,2,110 | AA17: 1000 | AC17: 800 | AE17: 1 | AG17: 10 | AH17: 12210 | AI17: 1 | AT17: "s_ExplosiveTruckBorn" | AV17: 100 | AZ17: 12210 | BA17: 14 | BB17: 0,0,1,0,0,0,0 | BE17: 1 | BF17: 向敌人发动自杀式爆炸，并产生核辐射对敌人造成持续伤害。 | BG17: 0 | BH17: 辅助型单位 | BI17: 小型自爆核弹 | BJ17: 无 | BK17: 铝合金装甲 | BL17: 112003 | BO17: 3
A18: 2004 | B18: 心灵控制车 | C18: hero/MasterMind | F18: 1 | G18: 102004 | J18: 110 | K18: 0 | L18: 2 | M18: 0 | P18: 1 | R18: 4 | S18: 99999999 | T18: 10000,10000,10000,5000,5000,5000,0,0,0,0,0 | U18: 10000,10000,10000,5000,5000,5000,0,0,0,0,0 | V18: 0,0 | W18: 6 | X18: 1,2 | AA18: 5000 | AB18: 5000 | AC18: 1000 | AE18: 4 | AF18: 1 | AG18: 14 | AH18: 12110 | AI18: 1 | AJ18: 12111 | AK18: 1 | AT18: "s_makeItGrow" | AV18: 100 | AX18: 107 | BA18: 5 | BB18: 1,0,0,0,1,0,1 | BC18: 1 | BE18: 1 | BF18: 能控制敌方地面部队的战车，据说能求出敌人的心理阴影面积。 | BG18: 0 | BH18: 辅助型单位 | BI18: 主脑控制仪 | BJ18: 中型心灵冲击装置 | BK18: 自我修复装甲 | BL18: 112004 | BN18: 第一次测试 | BO18: 4 | BQ18: 宝箱
A19: 2005 | B19: 防空车 | C19: hero/AirDefenseTrackedVehicle | E19: 1 | F19: 1 | G19: 102005 | J19: 105 | K19: 0 | L19: 2 | M19: 0 | P19: 1 | R19: 2 | S19: 99999999 | T19: 20000,17500,15000,23000,15000,10000,8000,7000,6000,10000,10000 | V19: 1 | W19: 6 | X19: 105 | AA19: 1500 | AC19: 666 | AE19: 5 | AG19: 19 | AH19: 11210 | AI19: 1 | AT19: "s_yesCommander" | AV19: 100 | AX19: 107 | BA19: 0 | BB19: 0,0,0,0,0,0,0 | BE19: 1 | BF19: 这款轻型装甲车看起来打不过任何坦克，但这是所有飞行单位的恶梦。 | BG19: 1 | BH19: 辅助型单位 | BI19: 高射破片防空炮 | BJ19: 无 | BK19: 轻型装甲 | BL19: 112005 | BN19: 第一次测试 | BO19: 2.5
A20: 2006 | B20: V3火箭 | C20: hero/V3rocket | F20: 1 | G20: 102006 | J20: 101 | K20: 0 | L20: 2 | M20: 0 | P20: 1 | R20: 3 | S20: 99999999 | T20: 10000,10000,10000,22500,15000,15000,60000,60000,60000,30000,30000 | V20: 0 | W20: 4 | X20: 0 | AA20: 9400 | AC20: 2000 | AE20: 6 | AG20: 11,3 | AH20: 10710 | AI20: 1 | AT20: "s_v3build" | AV20: 101 | AX20: 107 | BA20: 0 | BB20: 0,0,0,0,0,0,0 | BE20: 1 | BF20: 当你还没看到他时，你已经在他的射程范围之内了。 | BG20: 0 | BH20: 进攻型单位 | BI20: V3飞弹 | BJ20: 无 | BK20: V3装甲 | BL20: 112006 | BN20: 第一次测试 | BO20: 3.5
A21: 2007 | B21: 神经突击车 | C21: hero/ChaosCar | F21: 2 | G21: 102007 | J21: 107 | K21: 0 | L21: 2 | M21: 0 | P21: 1 | R21: 2 | S21: 99999999 | T21: 10000,10000,10000,5000,5000,5000,0,0,0,0,0 | V21: 0 | W21: 4 | X21: 1,2,110 | Y21: 5,6,7 | AA21: 1800 | AC21: 666 | AE21: 1 | AG21: 10 | AH21: 11710 | AI21: 1 | AT21: "s_ChaosCar" | AV21: 100,13 | AX21: 107 | BA21: 10 | BB21: 0,0,0,0,0,0,0 | BE21: 1 | BF21: 当其散发出神经毒气云时，就要注意你的同伴，他们会狂暴的向你开火。 | BG21: 0 | BH21: 辅助型单位 | BI21: 毒气轮盘喷管 | BJ21: 无 | BK21: 铝合金装甲 | BL21: 112007 | BO21: 2
A22: 2008 | B22: 战斗要塞 | C22: hero/BattleFortress | F22: 1 | G22: 102008 | J22: 101 | K22: 0 | L22: 2 | M22: 0 | P22: 2 | R22: 4 | S22: 99999999 | T22: 10000,8000,7000,5000,2000,2000,2000,1500,1000,40000,10000 | U22: 2000,2000,2000,10000,5000,10000,1000,1000,1000,10000,10000 | V22: 0,1 | W22: 6 | X22: 1,2,110 | AA22: 1200 | AB22: 6000 | AC22: 1000 | AE22: 4 | AF22: 4 | AG22: 12 | AH22: 12510 | AI22: 1 | AL22: 3 | AM22: 103 | AO22: 12510 | AP22: {1,2000,2,2000,3,2000,4,2000,5,2000},{1,3333,2,3333,3,3333},{1,2000,2,2000,3,2000,4,2000,5,2000} | AQ22: {2,4,8} | AR22: {10000,10000,10000} | AS22: 0 | AT22: "s_BattleFortressBorn" | AV22: 100 | AX22: 107 | BA22: 0 | BB22: 0,0,0,0,0,0,0 | BE22: 1 | BF22: 这个大型的战车搭载士兵后能发射对空/对地导弹,同时属性大增。 | BG22: 0 | BH22: 进攻型单位 | BI22: 多管自动炮塔 | BJ22: 标枪导弹 | BK22: 要塞装甲 | BL22: 112008 | BM22: 12511 | BO22: 4 | BR22: 有
A23: 2009 | B23: 武装采矿车 | C23: hero/warMiner | E23: 1 | F23: 1 | G23: 102009 | J23: 114 | K23: 0 | L23: 2 | M23: 0 | P23: 1 | R23: 2 | S23: 99999999 | T23: 10000,8000,7000,5000,2000,2000,2000,1500,1000,40000,10000 | U23: 5000,5000,5000,10000,10000,10000,10000,10000,10000,10000,10000 | V23: 0,0 | W23: 5 | X23: 1,2,110 | AA23: 1200 | AB23: 6000 | AC23: 1000 | AE23: 4 | AF23: 4 | AG23: 8 | AH23: 13010 | AI23: 1 | AT23: "s_AUProsp_VoiCreateb" | AV23: 100 | AX23: 107 | BA23: 0 | BB23: 1,0,0,0,1,0,0 | BE23: 1 | BF23: 平时只采矿，进入战斗时架设机枪，杀伤敌人。无视心灵控制/神经毒气 | BG23: 0 | BH23: 进攻型单位 | BI23: 小型自动炮塔 | BJ23: 采矿炸药 | BK23: 复合装甲 | BL23: 112009 | BO23: 2.5 | BR23: 有
A24: 2010 | B24: 法国巨炮 | C24: hero/GrandCannon | E24: 1 | F24: 1 | G24: 102010 | J24: 113 | K24: 0 | L24: 2 | M24: 0 | P24: 1 | R24: 3 | S24: 99999999 | T24: 10000,10000,10000,7500,7500,7500,10000,10000,5000,10000,10000 | V24: 0,1 | W24: 7 | X24: 110 | Y24: 1,2 | AA24: 7200 | AC24: -1 | AE24: 14 | AG24: 15,3 | AH24: 12610 | AI24: 1 | AT24: "s_OpenFire" | AV24: 100 | AX24: 129 | BA24: 9 | BB24: 0,0,0,0,0,0,0 | BE24: 1 | BF24: 超强的攻击力，超远的射程，能有效防卫基地，抵御敌方地面的攻击。 | BG24: 0 | BH24: 防御型单位 | BI24: 200mm撞击榴弹炮 | BJ24: 无 | BK24: 重型装甲 | BL24: 112010 | BN24: 第一次测试 | BO24: 2.5 | BR24: 有
A25: 2011 | B25: 将军刽子手 | C25: hero/KingOni | G25: 101011 | J25: 124 | K25: 0 | L25: 1 | M25: 0 | P25: 2 | R25: 7 | S25: 99999999 | T25: 10000,10000,8000,10000,10000,10000,3000,2000,2000,10000,10000 | V25: 0,1 | W25: 6 | X25: 1,2,110 | AA25: 2000 | AC25: 600 | AE25: 4 | AG25: 10 | AH25: 12810 | AI25: 1 | AT25: "s_JUKingO_VoiMovAttd" | AV25: 135 | AX25: 107 | BA25: 0 | BB25: 1,0,1,1,1,0,0 | BE25: 1 | BF25: 横行陆地。不受心灵控制/神经毒气/冷冻/寄生的影响。 | BG25: 0 | BH25: 进攻型单位 | BI25: 双眼死光炮 | BJ25: 无 | BK25: 复合装甲 | BL25: 111011 | BN25: 第一次测试 | BO25: 6
A26: 3001 | B26: 镭射幽浮 | C26: hero/FloatingDisk | G26: 103001 | J26: 102 | K26: 0 | L26: 3 | M26: 1 | N26: 0 | O26: 130 | P26: 1 | R26: 2 | S26: 99999999 | T26: 10000,10000,10000,5000,5000,5000,10000,10000,10000,10000,10000 | V26: 0,0 | W26: 4 | X26: 1,2,110,102,109 | Y26: 3,4,5,6,7,1,2 | AA26: 4800 | AC26: 500 | AE26: 1 | AF26: 1 | AG26: 14 | AH26: 12410 | AI26: 1 | AT26: "s_floatDiskMove" | AW26: 136 | AX26: 157 | BA26: 19 | BB26: 1,1,1,1,1,1,0 | BE26: 1 | BF26: 能有效对付地面单位，悬停时使附近机械单位受到EMP冲击而瘫痪。 | BG26: 0 | BH26: 进攻型单位 | BI26: 高斯激光炮 | BJ26: 电力吸取装置 | BK26: 记忆装甲 | BL26: 113001 | BO26: 3
A27: 3002 | B27: 基洛夫空艇 | C27: hero/KirovAirship | G27: 103002 | J27: 102 | K27: 0 | L27: 3 | M27: 1 | N27: 0 | O27: 230 | P27: 1 | R27: 4 | S27: 99999999 | T27: 10000,10000,10000,14000,13500,13500,15000,15000,5000,10000,10000 | V27: 0 | W27: 5 | X27: 1,2,2005 | Y27: 3,4,5,6,7,1,2 | AA27: 3000 | AC27: 800 | AE27: 0 | AG27: 10 | AH27: 10110 | AI27: 1 | AT27: "s_Kirovreporting" | AZ27: 10111,10112 | BA27: 0 | BB27: 1,1,1,1,1,1,0 | BE27: 1 | BF27: 专门为轰炸地面而设计的空中死神，基洛夫飞艇代表着体型、力量、坚定和信仰。 | BG27: 0 | BH27: 进攻型单位，防御型单位 | BI27: 迅雷炸弹 | BJ27: 无 | BK27: 封闭防火装甲 | BL27: 113002 | BN27: 第一次测试 | BO27: 5 | BQ27: 宝箱
A28: 3003 | B28: 武装直升机 | C28: hero/helicopter | E28: 1 | G28: 103003 | J28: 102 | K28: 0 | L28: 3 | M28: 1 | N28: 0 | O28: 130 | P28: 2 | R28: 2 | S28: 99999999 | T28: 10000,8000,8000,5000,2500,2500,7500,5000,2500,10000,10000 | U28: 10000,8000,6000,16000,15000,15000,10000,10000,6000,10000,10000 | V28: 2,0 | W28: 4 | X28: 101,107,108,111,112,113,114,115,121,122,123,124 | Y28: 3,4,5,6,7,1,2 | AA28: 900 | AB28: 6000 | AC28: 500 | AE28: 3 | AF28: 5 | AG28: 10 | AH28: 10910 | AI28: 1 | AJ28: 10911 | AK28: 1 | AT28: "s_Airtransportready" | AZ28: 10913,10912 | BA28: 0 | BB28: 1,1,1,1,1,1,0 | BE28: 1 | BF28: 强大的火力，对空能力稍弱,攻击地面是把好手 | BG28: 0 | BH28: 进攻型单位 | BI28: 复仇者机炮 | BJ28: 战斧对地导弹 | BK28: 陶瓷金属装甲 | BL28: 113003 | BN28: 第一次测试 | BO28: 2.5 | BR28: 有
A29: 3004 | B29: 入侵者战机 | C29: hero/invaderPlane | G29: 103004 | J29: 104 | K29: 0 | L29: 3 | M29: 1 | N29: 0 | O29: 170 | P29: 1 | R29: 2 | S29: 99999999 | T29: 10000,10000,20000,30000,30000,30000,30000,10000,7500,10000,10000 | U29: 10000,10000,10000,10000,10000,10000,10000,10000,7500,10000,10000 | V29: 1,0 | W29: 4 | X29: 101,107,108,111,112,113,114,115,121,122,123,124 | Y29: 3,4,5,6,7,1,2 | AA29: 600 | AB29: 2500 | AC29: 444 | AE29: 4 | AF29: 5 | AG29: 12 | AH29: 11310 | AI29: 1 | AJ29: 11311 | AK29: 1 | AT29: "s_readyToStrike" | AV29: 127 | AW29: 128 | AX29: 121,122 | BA29: 0 | BB29: 1,1,1,1,1,1,0 | BE29: 1 | BF29: 能悬停的喷气式飞机，对空远比对地强。 | BG29: 0 | BH29: 进攻型单位 | BI29: 机鼻链炮 | BJ29: 宝石路激光炸弹 | BK29: 复合装甲 | BL29: 113004 | BO29: 3
A30: 3005 | B30: 黑鹰战机 | C30: hero/blackBird | G30: 103005 | J30: 104 | K30: 0 | L30: 3 | M30: 1 | N30: 1 | O30: 200 | P30: 1 | R30: 2 | S30: 99999999 | T30: 10000,10000,10000,10000,10000,10000,10000,10000,7500,10000,10000 | V30: 0 | W30: 4 | X30: 101,107,108,111,112,113,114,115,121,122,123,124,2005 | Y30: 3,4,5,6,7,1,2 | Z30: 1,3 | AA30: 900 | AC30: 444 | AD30: 500 | AE30: 4 | AG30: 10 | AH30: 10510 | AI30: 1 | AT30: "s_BlackEaglereporting" | AU30: 102 | AZ30: 10213,10214 | BA30: 1 | BB30: 1,1,1,1,1,1,0 | BE30: 1 | BF30: “黑鹰黑鹰黑鹰”,敌人连呼三声是因为它会向地面连射三枚致命的导弹。 | BG30: 0 | BH30: 支援型单位 | BI30: AS-10对地导弹 | BJ30: 无 | BK30: 复合装甲 | BL30: 113005 | BN30: 第一次测试 | BO30: 3 | BP30: 送
A31: 3006 | B31: 冷冻直升机 | C31: hero/iceHelicopter | G31: 103006 | J31: 106 | K31: 0 | L31: 3 | M31: 1 | N31: 0 | O31: 130 | P31: 1 | R31: 2 | S31: 99999999 | T31: 10000,8000,8000,5000,2500,2500,7500,5000,2500,10000,10000 | V31: 0 | W31: 4 | X31: 1,2,110,102,109,2005 | Y31: 3,4,5,6,7,1,2 | AA31: 2400 | AC31: 500 | AE31: 5 | AG31: 10 | AH31: 11510 | AI31: 1 | AT31: "s_iceSystemReadyToGo" | AX31: 131 | BA31: 8 | BB31: 1,1,1,1,1,1,0 | BE31: 1 | BF31: 发射冷冻光束冻住地面敌人，这种能力着实是敌人的噩梦。 | BG31: 0 | BH31: 辅助型单位 | BI31: 定向冷冻光束炮 | BJ31: 无 | BK31: 复合装甲 | BL31: 113006 | BO31: 3.5
A32: 3007 | B32: 超级要塞 | C32: hero/Gigafortress | G32: 103007 | J32: 101 | K32: 0 | L32: 3 | M32: 1 | N32: 0 | O32: 100 | P32: 1 | R32: 5 | S32: 99999999 | T32: 10000,10000,10000,7500,5000,5000,20000,20000,20000,10000,10000 | U32: 2000,2000,2000,10000,5000,10000,1000,1000,1000,10000,10000 | V32: 0,1 | W32: 6 | X32: 1,2,110 | Y32: 3,4,5,6,7,1,2 | AA32: 1800 | AB32: 5000 | AC32: 666 | AE32: 2 | AF32: 4 | AG32: 10 | AH32: 12910 | AI32: 1 | AJ32: 12912 | AK32: 1 | AT32: "s_gunDamBootb" | AU32: 126 | AZ32: 12911,12911 | BA32: 0 | BB32: 1,1,1,1,1,1,0 | BE32: 1 | BF32: 悬浮空中的机械怪兽，用“神之鼻息”激光系统收割地面的敌人,能连续发射两枚空对空导弹。 | BG32: 0 | BH32: 防御型单位 | BI32: 神之鼻息装置 | BJ32: 无 | BK32: 纳米装甲 | BL32: 113007 | BO32: 5
A33: 3008 | B33: 世纪轰炸机 | C33: hero/Gigafortress | G33: 103007 | J33: 101 | K33: 0 | L33: 3 | M33: 1 | N33: 0 | O33: 100 | P33: 1 | R33: 6 | S33: 99999999 | T33: 10000,10000,10000,7500,5000,5000,20000,20000,20000,10000,10000 | V33: 0 | W33: 6 | X33: 1,2,110 | Y33: 3,4,5,6,7 | AA33: 1800 | AC33: 666 | AE33: 2 | AG33: 10 | AH33: 12910 | AI33: 1 | AT33: "s_gunDamBootb" | AU33: 126 | AZ33: 12911,12911 | BA33: 0 | BB33: 1,1,1,1,1,1,0 | BE33: 1 | BF33: 悬浮空中的机械怪兽，用“神之鼻息”激光系统收割地面的敌人。 | BG33: 0 | BH33: 防御型单位 | BI33: 神之鼻息装置 | BJ33: 无 | BK33: 纳米装甲 | BL33: 113007 | BO33: 5
A34: 3009 | B34: 双刃直升机 | C34: hero/iceHelicopter | G34: 103006 | J34: 106 | K34: 0 | L34: 3 | M34: 1 | N34: 0 | O34: 130 | P34: 1 | R34: 2 | S34: 99999999 | T34: 10000,8000,8000,5000,2500,2500,7500,5000,2500,10000,10000 | V34: 0 | W34: 4 | X34: 1,2,110,102,109 | Y34: 3,4,5,6,7 | AA34: 2400 | AC34: 500 | AE34: 5 | AG34: 10 | AH34: 11510 | AI34: 1 | AT34: "s_iceSystemReadyToGo" | AX34: 132 | BA34: 8 | BB34: 1,1,1,1,1,1,0 | BE34: 1 | BF34: 发射冷冻光束冻住地面敌人，这种能力着实是敌人的噩梦。 | BG34: 0 | BH34: 辅助型单位 | BI34: 定向冷冻光束炮 | BJ34: 无 | BK34: 复合装甲 | BL34: 113006 | BO34: 3.5
A35: 4001 | B35: 美国大兵 | C35: hero/solider | G35: 104001 | H35: 3 | J35: 103 | K35: 2 | L35: 4 | M35: 0 | P35: 1 | R35: 3 | S35: 99999999 | T35: 10000,8000,8000,5000,2500,2500,7500,5000,2500,10000,10000 | U35: 2000,2000,2000,10000,5000,10000,1000,1000,1000,10000,10000 | V35: 0,1 | W35: 3 | X35: 1,2,110 | AA35: 1200 | AB35: 7200 | AC35: 1200 | AE35: 4 | AF35: 2 | AG35: 10 | AH35: 10410 | AI35: 1 | AJ35: 10411 | AK35: 1 | AT35: "s_Siryessir" | AX35: 31,15 | BA35: 17 | BB35: 0,1,0,0,0,1,0 | BE35: 1 | BF35: 用机枪和单兵防空导弹还有血肉之躯，停下时搭建简易工事加强防御。 | BG35: 1 | BH35: 防御型单位 | BI35: M78机枪 | BJ35: 标枪单兵导弹 | BK35: 轻便型装甲 | BL35: 114001 | BN35: 第一次测试 | BO35: 2 | BP35: 送 | BR35: 有
A36: 4002 | B36: 谭雅 | C36: hero/Tanya | G36: 104002 | J36: 116 | K36: 2 | L36: 4 | M36: 0 | P36: 1 | R36: 3 | S36: 99999999 | T36: 10000,10000,10000,0,0,0,100,100,100,100,10000 | U36: 0,0,0,10000,10000,10000,10000,10000,10000,10000,10000 | V36: 0,0 | W36: 2 | X36: 110 | AA36: 900 | AB36: 6000 | AC36: 1333 | AE36: 3 | AF36: 3 | AG36: 10 | AH36: 11110 | AI36: 1 | AJ36: 11111 | AK36: 1 | AT36: "s_LetRockAndRoll" | AX36: 15 | BA36: 6 | BB36: 1,1,1,0,1,0,0 | BE36: 1 | BF36: 特战队队长，有着强悍的双枪、C4炸弹，强大的意志免疫心灵控制及神经毒气 | BG36: 1 | BH36: 进攻型单位 | BI36: 黑秃鹰特制手枪 | BJ36: C4塑胶炸弹 | BK36: 曲光型装甲 | BL36: 114002 | BN36: 第一次测试 | BO36: 3.5 | BQ36: 宝箱 | BR36: 有
A37: 4003 | B37: 娜塔莎 | C37: hero/Natasha | G37: 104003 | J37: 119 | K37: 2 | L37: 4 | M37: 0 | P37: 1 | R37: 3 | S37: 99999999 | T37: 10000,10000,10000,0,0,0,100,100,100,100,10000 | U37: 0,0,0,10000,10000,10000,10000,10000,10000,10000,10000 | V37: 0,0 | W37: 2 | X37: 1,2,110 | Y37: 3,4,5,6,7 | AA37: 1200 | AB37: 8000 | AC37: 1333 | AE37: 5 | AF37: 5 | AG37: 12 | AH37: 13310 | AI37: 1 | AJ37: 13311,13312 | AK37: 1 | AT37: "s_NatasAction" | AX37: 15 | BA37: 13 | BB37: 1,1,1,0,1,0,0 | BE37: 1 | BF37: 狙击步枪作为武器，激光引导米格战机攻击。不受心灵控制/神经毒气影响。 | BG37: 0 | BH37: 进攻型单位 | BI37: SVD狙击步枪 | BJ37: 激光指示器 | BK37: 伪装型装甲 | BL37: 114003 | BO37: 3.5 | BR37: 有
A38: 4004 | B38: 尤里X | C38: hero/yuri | G38: 104004 | J38: 110 | K38: 2 | L38: 4 | M38: 0 | P38: 1 | R38: 4 | S38: 99999999 | T38: 10000,10000,10000,5000,5000,5000,0,0,0,0,0 | U38: 10000,10000,10000,5000,5000,5000,0,0,0,0,0 | V38: 0,0 | W38: 6 | X38: 1,2 | Y38: 3,4,5,6,7 | AA38: 5000 | AB38: 5000 | AC38: 1000 | AE38: 4 | AF38: 4 | AG38: 14 | AH38: 0 | AJ38: 12111 | AK38: 1 | AT38: "s_yuriTellYourWish" | AV38: 100 | AX38: 107 | BA38: 5 | BB38: 1,0,1,0,1,0,1 | BC38: 2 | BE38: 1 | BF38: 控制(敌方地面部队)软弱的心灵，对近身敌人释放心灵爆震. | BG38: 0 | BH38: 辅助型单位 | BI38: 心灵控制仪 | BJ38: 蛇式信号放大仪 | BK38: 自我修复装甲 | BL38: 114004 | BN38: 第一次测试 | BO38: 4 | BQ38: 宝箱
A39: 4005 | B39: 时空军团兵 | C39: hero/timeTravelSolider | G39: 104005 | H39: 2 | J39: 109 | K39: 2 | L39: 4 | M39: 0 | P39: 1 | R39: 2 | S39: 99999999 | T39: 1000,1000,1000,600,400,400,750,500,250,1000,1000 | V39: 0 | W39: 3 | X39: 101,110,121,122 | Y39: 3,4,5,6,7 | AA39: 7200 | AC39: 800 | AE39: 5 | AG39: 19 | AH39: 12010 | AI39: 1 | AT39: "s_theyAreHitstory" | AV39: 125,134 | AX39: 15 | BA39: 3 | BB39: 0,1,1,0,0,1,0 | BE39: 1 | BF39: 让敌人陷入时空乱流,不能还击,不能移动,只能等待被抹杀。 | BG39: 0 | BH39: 进攻型单位 | BI39: 小型裂缝产生器 | BJ39: 无 | BK39: 时空干扰装甲 | BL39: 114005 | BN39: 第一次测试 | BO39: 3
A40: 4006 | B40: 警犬 | C40: hero/dog | G40: 104006 | H40: 2 | J40: 117 | K40: 2 | L40: 4 | M40: 0 | P40: 1 | R40: 2 | S40: 99999999 | T40: 100000,10000,10000,5000,2500,2500,7500,5000,2500,10000,10000 | U40: 10000,8000,8000,5000,2500,2500,7500,5000,2500,10000,10000 | V40: 0,0 | W40: 1 | X40: 1,2,110 | Y40: 3,4,5,6,7,105,101,107,108,111,112,113,114,115,121,122,123,124 | AA40: 1200 | AB40: 5200 | AC40: 400 | AE40: 1 | AF40: 1 | AG40: 10 | AH40: 13410 | AI40: 1 | AJ40: 13411 | AK40: 1 | AT40: "s_dogAction" | AX40: 55 | BA40: 18 | BB40: 0,1,1,0,0,1,1 | BE40: 1 | BF40: 识别间谍,Shumov-3型吼声放大器增幅怒吼震晕周围士兵类敌军3秒 | BG40: 0 | BH40: 防御型单位 | BI40: 钢腔獠牙 | BJ40: Shumov吼声放大器 | BK40: 轻便型装甲 | BL40: 114006 | BO40: 2
A41: 4007 | B41: 间谍 | C41: hero/spy | G41: 104007 | J41: 118 | K41: 2 | L41: 4 | M41: 0 | P41: 1 | R41: 2 | S41: 99999999 | T41: 10000,8000,8000,5000,2500,2500,7500,5000,2500,10000,10000 | V41: 0 | W41: 1 | X41: 1,2,110 | AA41: 1200 | AC41: 900 | AE41: 1 | AG41: 10 | AH41: 0 | AI41: 1 | AT41: "s_spyhAction" | AX41: 15 | BA41: 12 | BB41: 1,1,1,0,1,1,0 | BE41: 1 | BF41: 间谍不会受到除警犬外其他单位的攻击,成功潜入后依据间谍能力加成己方单位能力. | BG41: 0 | BH41: 辅助型单位 | BI41: 鸡尾酒调酒棒 | BJ41: 无 | BK41: 轻便型装甲 | BL41: 114007 | BO41: 2.5

Sheet 英雄升级配置表
A1: 等级 | B1: 英雄升级需要经验 | C1: 免伤系数
A2: lev | B2: exp | C2: def_factor
A3: int | B3: int | C3: int
A4: 1 | B4: 16 | C4: 206
A5: 2 | B5: 33 | C5: 218
A6: 3 | B6: 33 | C6: 225
A7: 4 | B7: 41 | C7: 231
A8: 5 | B8: 50 | C8: 237
A9: 6 | B9: 50 | C9: 243
A10: 7 | B10: 58 | C10: 250
A11: 8 | B11: 83 | C11: 256
A12: 9 | B12: 83 | C12: 262
A13: 10 | B13: 83 | C13: 268
A14: 11 | B14: 100 | C14: 275
A15: 12 | B15: 100 | C15: 281
... A203: 200 | B203: 7782700 | C203: 39162

Sheet 英雄军衔配置表
A1: 英雄ID | B1: 品阶 | C1: 物品数量 | D1: 金币 | E1: 需要等级 | F1: 军衔附加属性 | G1: 最大库存多少 （一开始可以召唤多少只然后才有cd） | H1: 英雄名称 | I1: 能力值 | J1: 兵种 0:其他 1：坦克类 2：战车类 3：飞机类 4：士兵类 | K1: 所需勋章 | L1: 所需图纸 | M1: 所需勋章num | N1: 所需图纸num | Q1: 主攻击 | R1: 副攻击 | S1: 生命 | T1: 防御 | V1: 子项目1系数 (10000为分母) | W1: 子项目2系数 (10000为分母) | X1: 子项目3系数 (10000为分母) | Y1: 子项目4系数 (10000为分母) | AA1: 调节系数 | AB1: 标准生命 | AC1: 等级段 | AD1: 标准防御 | AE1: 免伤比 | AH1: 占人口 | AI1: 主攻击/生命 | AJ1: 副攻击/生命 | AK1: 攻击能力 主攻击/主CD | AL1: 副攻击/副cd | AM1: 主_攻击间隔 | AN1: 副_攻击间隔
A2: hero_id | B2: quality | C2: items | D2: coin | E2: level | F2: attrList | G2: stockNum
A3: int | B3: int | C3: array | D3: int | E3: int | F3: array | G3: int
A4: 1001 | B4: 1 | C4: ="{"&K4&","&ROUNDUP(M4,0)&"},"&"{"&L4&","&ROUNDUP(N4,0)&"}" -> {10111,1},{21001,2} | D4: 1000 | E4: 10 | F4: ="{1,"&INT(S4*P4)&"},{2,"&INT(Q4*P4)&"},"&IF(R4=0,"","{3,"&INT(R4*P4)&"},")&"{6,"&INT(T4*P4)&"}" -> {1,979},{2,344},{6,262} | G4: =1 -> 1 | H4: 幻影坦克 | I4: {=INDEX([1]英雄界面!$I$4:$I$41,MATCH(A4,[1]英雄界面!$A$4:$A$41,0))} -> 50 | J4: =1 -> 1 | K4: =CHOOSE(J4,INDEX([2]勋章!$I$7:$I$24,MATCH($B4,[2]勋章!$G$7:$G$24,0)),INDEX([2]勋章!$M$7:$M$24,MATCH($B4,[2]勋章!$G$7:$G$24,0)),INDEX([2]勋章!$P$7:$P$24,MATCH($B4,[2]勋章!$G$7:$G$24,0)),INDEX([2]勋章!$S$7:$S$24,MATCH($B4,[2]勋章!$G$7:$G$24,0))) -> 10111 | L4: {=INDEX([2]图纸掉落!$H$4:$H$38,MATCH(H4,[2]图纸掉落!$G$4:$G$38,0))} -> 21001 | M4: 1 | N4: 2 | O4: =INDEX([1]英雄界面!$J$4:$J$41,MATCH(A4,[1]英雄界面!$A$4:$A$41,0))/2 -> 1.5 | P4: 1.6 | Q4: =INT(INDEX([1]等级属性!B$4:B$203,MATCH($AC4,[1]等级属性!$A$4:$A$203,0))*V4/10000) -> 215 | R4: =INT(INDEX([1]等级属性!C$4:C$203,MATCH($AC4,[1]等级属性!$A$4:$A$203,0))*W4/10000) -> 0 | S4: =INT(INDEX([1]等级属性!D$4:D$203,MATCH($AC4,[1]等级属性!$A$4:$A$203,0))*X4/10000) -> 612 | T4: =INT(INDEX([1]等级属性!E$4:E$203,MATCH($AC4,[1]等级属性!$A$4:$A$203,0))*Y4/10000) -> 164 | V4: {=INDEX(单位特点规划!D$2:D$37,MATCH($A4,单位特点规划!$A$2:$A$37,0))} -> 16600 | W4: {=INDEX(单位特点规划!E$2:E$37,MATCH($A4,单位特点规划!$A$2:$A$37,0))} -> 0 | X4: {=INDEX(单位特点规划!F$2:F$37,MATCH($A4,单位特点规划!$A$2:$A$37,0))} -> 15700 | Y4: {=INDEX(单位特点规划!G$2:G$37,MATCH($A4,单位特点规划!$A$2:$A$37,0))} -> 18500 | AA4: =1.93 -> 1.93 | AB4: =INT(INDEX([3]进阶属性!$C$2:$C$19,MATCH(B4,[3]进阶属性!$A$2:$A$19,0))/2*AH4) -> 300 | AC4: =[3]进阶属性!$F3 -> 10 | AD4: =INT((INDEX([3]标准单位!$J$2:$J$201,MATCH($AC4,[3]标准单位!$A$2:$A$201,0))*AE4)/(1-AE4)) -> 0 | AE4: =0 -> 0 | AF4: =AG4/AG4 -> 1 | AG4: =(Q4/AM4*1000+IF(AN4<>"",R4/AN4*1000,0)+S4/3+T4/5)/AH4 -> 143.99524 | AH4: =INDEX([4]Sheet1!H$2:H$36,MATCH($H4,[4]Sheet1!$A$2:$A$36,0)) -> 2 | AI4: =INDEX([4]Sheet1!T$2:T$36,MATCH($H4,[4]Sheet1!$A$2:$A$36,0)) -> 0 | AJ4: =INDEX([4]Sheet1!U$2:U$36,MATCH($H4,[4]Sheet1!$A$2:$A$36,0)) -> 8.4 | AK4: =INDEX([4]Sheet1!V$2:V$36,MATCH($H4,[4]Sheet1!$A$2:$A$36,0)) -> 0 | AL4: =INDEX([4]Sheet1!W$2:W$36,MATCH($H4,[4]Sheet1!$A$2:$A$36,0)) -> 23.809524 | AM4: =INDEX([4]Sheet1!N$2:N$36,MATCH($H4,[4]Sheet1!$A$2:$A$36,0)) -> 4200 | AN4: =INDEX([4]Sheet1!O$2:O$36,MATCH($H4,[4]Sheet1!$A$2:$A$36,0))
A5: 1001 | B5: 2 | C5: ="{"&K5&","&ROUNDUP(M5,0)&"},"&"{"&L5&","&ROUNDUP(N5,0)&"}" -> {10112,5},{21001,5} | D5: 5000 | E5: 17 | F5: ="{1,"&INT(S5*P5)&"},{2,"&INT(Q5*P5)&"},"&IF(R5=0,"","{3,"&INT(R5*P5)&"},")&"{6,"&INT(T5*P5)&"}" -> {1,1192},{2,420},{6,321} | G5: =1 -> 1 | H5: 幻影坦克 | I5: {=INDEX([1]英雄界面!$I$4:$I$41,MATCH(A5,[1]英雄界面!$A$4:$A$41,0))} -> 50 | J5: =1 -> 1 | K5: =CHOOSE(J5,INDEX([2]勋章!$I$7:$I$24,MATCH($B5,[2]勋章!$G$7:$G$24,0)),INDEX([2]勋章!$M$7:$M$24,MATCH($B5,[2]勋章!$G$7:$G$24,0)),INDEX([2]勋章!$P$7:$P$24,MATCH($B5,[2]勋章!$G$7:$G$24,0)),INDEX([2]勋章!$S$7:$S$24,MATCH($B5,[2]勋章!$G$7:$G$24,0))) -> 10112 | L5: {=INDEX([2]图纸掉落!$H$4:$H$38,MATCH(H5,[2]图纸掉落!$G$4:$G$38,0))} -> 21001 | M5: 5 | N5: 5 | O5: =INDEX([1]英雄界面!$J$4:$J$41,MATCH(A5,[1]英雄界面!$A$4:$A$41,0))/2 -> 1.5 | P5: =P4-0.1 -> 1.5 | Q5: =INT(INDEX([1]等级属性!B$4:B$203,MATCH($AC5,[1]等级属性!$A$4:$A$203,0))*V5/10000) -> 280 | R5: =INT(INDEX([1]等级属性!C$4:C$203,MATCH($AC5,[1]等级属性!$A$4:$A$203,0))*W5/10000) -> 0 | S5: =INT(INDEX([1]等级属性!D$4:D$203,MATCH($AC5,[1]等级属性!$A$4:$A$203,0))*X5/10000) -> 795 | T5: =INT(INDEX([1]等级属性!E$4:E$203,MATCH($AC5,[1]等级属性!$A$4:$A$203,0))*Y5/10000) -> 214 | V5: {=INDEX(单位特点规划!D$2:D$37,MATCH($A5,单位特点规划!$A$2:$A$37,0))} -> 16600 | W5: {=INDEX(单位特点规划!E$2:E$37,MATCH($A5,单位特点规划!$A$2:$A$37,0))} -> 0 | X5: {=INDEX(单位特点规划!F$2:F$37,MATCH($A5,单位特点规划!$A$2:$A$37,0))} -> 15700 | Y5: {=INDEX(单位特点规划!G$2:G$37,MATCH($A5,单位特点规划!$A$2:$A$37,0))} -> 18500 | AA5: =1.93 -> 1.93 | AB5: =INT(INDEX([3]进阶属性!$C$2:$C$19,MATCH(B5,[3]进阶属性!$A$2:$A$19,0))/2*AH5) -> 390 | AC5: =[3]进阶属性!$F4 -> 20 | AD5: =INT((INDEX([3]标准单位!$J$2:$J$201,MATCH($AC5,[3]标准单位!$A$2:$A$201,0))*AE5)/(1-AE5)) -> 0 | AE5: =0 -> 0 | AF5: =AG5/AG5 -> 1 | AG5: =(Q5/AM5*1000+IF(AN5<>"",R5/AN5*1000,0)+S5/3+T5/5)/AH5 -> 187.23333 | AH5: {=INDEX([4]Sheet1!H$2:H$36,MATCH($H5,[4]Sheet1!$A$2:$A$36,0))} -> 2 | AI5: =INDEX([4]Sheet1!T$2:T$36,MATCH($H5,[4]Sheet1!$A$2:$A$36,0)) -> 0 | AJ5: =INDEX([4]Sheet1!U$2:U$36,MATCH($H5,[4]Sheet1!$A$2:$A$36,0)) -> 8.4 | AK5: =INDEX([4]Sheet1!V$2:V$36,MATCH($H5,[4]Sheet1!$A$2:$A$36,0)) -> 0 | AL5: =INDEX([4]Sheet1!W$2:W$36,MATCH($H5,[4]Sheet1!$A$2:$A$36,0)) -> 23.809524 | AM5: =INDEX([4]Sheet1!N$2:N$36,MATCH($H5,[4]Sheet1!$A$2:$A$36,0)) -> 4200 | AN5: =INDEX([4]Sheet1!O$2:O$36,MATCH($H5,[4]Sheet1!$A$2:$A$36,0))
A6: 1001 | B6: 3 | C6: ="{"&K6&","&ROUNDUP(M6,0)&"},"&"{"&L6&","&ROUNDUP(N6,0)&"}" -> {10113,7},{21001,8} | D6: 10000 | E6: 26 | F6: ="{1,"&INT(S6*P6)&"},{2,"&INT(Q6*P6)&"},"&IF(R6=0,"","{3,"&INT(R6*P6)&"},")&"{6,"&INT(T6*P6)&"}" -> {1,1443},{2,508},{6,393} | G6: =1 -> 1 | H6: 幻影坦克 | I6: {=INDEX([1]英雄界面!$I$4:$I$41,MATCH(A6,[1]英雄界面!$A$4:$A$41,0))} -> 50 | J6: =1 -> 1 | K6: =CHOOSE(J6,INDEX([2]勋章!$I$7:$I$24,MATCH($B6,[2]勋章!$G$7:$G$24,0)),INDEX([2]勋章!$M$7:$M$24,MATCH($B6,[2]勋章!$G$7:$G$24,0)),INDEX([2]勋章!$P$7:$P$24,MATCH($B6,[2]勋章!$G$7:$G$24,0)),INDEX([2]勋章!$S$7:$S$24,MATCH($B6,[2]勋章!$G$7:$G$24,0))) -> 10113 | L6: {=INDEX([2]图纸掉落!$H$4:$H$38,MATCH(H6,[2]图纸掉落!$G$4:$G$38,0))} -> 21001 | M6: 7 | N6: 8 | O6: =INDEX([1]英雄界面!$J$4:$J$41,MATCH(A6,[1]英雄界面!$A$4:$A$41,0))/2 -> 1.5 | P6: =P5-0.1 -> 1.4 | Q6: =INT(INDEX([1]等级属性!B$4:B$203,MATCH($AC6,[1]等级属性!$A$4:$A$203,0))*V6/10000) -> 363 | R6: =INT(INDEX([1]等级属性!C$4:C$203,MATCH($AC6,[1]等级属性!$A$4:$A$203,0))*W6/10000) -> 0 | S6: =INT(INDEX([1]等级属性!D$4:D$203,MATCH($AC6,[1]等级属性!$A$4:$A$203,0))*X6/10000) -> 1031 | T6: =INT(INDEX([1]等级属性!E$4:E$203,MATCH($AC6,[1]等级属性!$A$4:$A$203,0))*Y6/10000) -> 281 | V6: {=INDEX(单位特点规划!D$2:D$37,MATCH($A6,单位特点规划!$A$2:$A$37,0))} -> 16600 | W6: {=INDEX(单位特点规划!E$2:E$37,MATCH($A6,单位特点规划!$A$2:$A$37,0))} -> 0 | X6: {=INDEX(单位特点规划!F$2:F$37,MATCH($A6,单位特点规划!$A$2:$A$37,0))} -> 15700 | Y6: {=INDEX(单位特点规划!G$2:G$37,MATCH($A6,单位特点规划!$A$2:$A$37,0))} -> 18500 | AA6: =1.93 -> 1.93 | AB6: =INT(INDEX([3]进阶属性!$C$2:$C$19,MATCH(B6,[3]进阶属性!$A$2:$A$19,0))/2*AH6) -> 507 | AC6: =[3]进阶属性!$F5 -> 30 | AD6: =INT((INDEX([3]标准单位!$J$2:$J$201,MATCH($AC6,[3]标准单位!$A$2:$A$201,0))*AE6)/(1-AE6)) -> 0 | AE6: =0 -> 0 | AF6: =AG6/AG6 -> 1 | AG6: =(Q6/AM6*1000+IF(AN6<>"",R6/AN6*1000,0)+S6/3+T6/5)/AH6 -> 243.14762 | AH6: {=INDEX([4]Sheet1!H$2:H$36,MATCH($H6,[4]Sheet1!$A$2:$A$36,0))} -> 2 | AI6: =INDEX([4]Sheet1!T$2:T$36,MATCH($H6,[4]Sheet1!$A$2:$A$36,0)) -> 0 | AJ6: =INDEX([4]Sheet1!U$2:U$36,MATCH($H6,[4]Sheet1!$A$2:$A$36,0)) -> 8.4 | AK6: =INDEX([4]Sheet1!V$2:V$36,MATCH($H6,[4]Sheet1!$A$2:$A$36,0)) -> 0 | AL6: =INDEX([4]Sheet1!W$2:W$36,MATCH($H6,[4]Sheet1!$A$2:$A$36,0)) -> 23.809524 | AM6: =INDEX([4]Sheet1!N$2:N$36,MATCH($H6,[4]Sheet1!$A$2:$A$36,0)) -> 4200 | AN6: =INDEX([4]Sheet1!O$2:O$36,MATCH($H6,[4]Sheet1!$A$2:$A$36,0))
A7: 1001 | B7: 4 | C7: ="{"&K7&","&ROUNDUP(M7,0)&"},"&"{"&L7&","&ROUNDUP(N7,0)&"}" -> {10114,10},{21001,12} | D7: 80000 | E7: 32 | F7: ="{1,"&INT(S7*P7)&"},{2,"&INT(Q7*P7)&"},"&IF(R7=0,"","{3,"&INT(R7*P7)&"},")&"{6,"&INT(T7*P7)&"}" -> {1,1536},{2,540},{6,413} | G7: =1 -> 1 | H7: 幻影坦克 | I7: {=INDEX([1]英雄界面!$I$4:$I$41,MATCH(A7,[1]英雄界面!$A$4:$A$41,0))} -> 50 | J7: =1 -> 1 | K7: =CHOOSE(J7,INDEX([2]勋章!$I$7:$I$24,MATCH($B7,[2]勋章!$G$7:$G$24,0)),INDEX([2]勋章!$M$7:$M$24,MATCH($B7,[2]勋章!$G$7:$G$24,0)),INDEX([2]勋章!$P$7:$P$24,MATCH($B7,[2]勋章!$G$7:$G$24,0)),INDEX([2]勋章!$S$7:$S$24,MATCH($B7,[2]勋章!$G$7:$G$24,0))) -> 10114 | L7: {=INDEX([2]图纸掉落!$H$4:$H$38,MATCH(H7,[2]图纸掉落!$G$4:$G$38,0))} -> 21001 | M7: 10 | N7: 12 | O7: =INDEX([1]英雄界面!$J$4:$J$41,MATCH(A7,[1]英雄界面!$A$4:$A$41,0))/2 -> 1.5 | P7: =P6-0.1 -> 1.3 | Q7: =INT(INDEX([1]等级属性!B$4:B$203,MATCH($AC7,[1]等级属性!$A$4:$A$203,0))*V7/10000) -> 416 | R7: =INT(INDEX([1]等级属性!C$4:C$203,MATCH($AC7,[1]等级属性!$A$4:$A$203,0))*W7/10000) -> 0 | S7: =INT(INDEX([1]等级属性!D$4:D$203,MATCH($AC7,[1]等级属性!$A$4:$A$203,0))*X7/10000) -> 1182 | T7: =INT(INDEX([1]等级属性!E$4:E$203,MATCH($AC7,[1]等级属性!$A$4:$A$203,0))*Y7/10000) -> 318 | V7: {=INDEX(单位特点规划!D$2:D$37,MATCH($A7,单位特点规划!$A$2:$A$37,0))} -> 16600 | W7: {=INDEX(单位特点规划!E$2:E$37,MATCH($A7,单位特点规划!$A$2:$A$37,0))} -> 0 | X7: {=INDEX(单位特点规划!F$2:F$37,MATCH($A7,单位特点规划!$A$2:$A$37,0))} -> 15700 | Y7: {=INDEX(单位特点规划!G$2:G$37,MATCH($A7,单位特点规划!$A$2:$A$37,0))} -> 18500 | AA7: =1.93 -> 1.93 | AB7: =INT(INDEX([3]进阶属性!$C$2:$C$19,MATCH(B7,[3]进阶属性!$A$2:$A$19,0))/2*AH7) -> 657 | AC7: =35 -> 35 | AD7: =INT((INDEX([3]标准单位!$J$2:$J$201,MATCH($AC7,[3]标准单位!$A$2:$A$201,0))*AE7)/(1-AE7)) -> 0 | AE7: =0 -> 0 | AF7: =AG7/AG7 -> 1 | AG7: =(Q7/AM7*1000+IF(AN7<>"",R7/AN7*1000,0)+S7/3+T7/5)/AH7 -> 278.32381 | AH7: {=INDEX([4]Sheet1!H$2:H$36,MATCH($H7,[4]Sheet1!$A$2:$A$36,0))} -> 2 | AI7: =INDEX([4]Sheet1!T$2:T$36,MATCH($H7,[4]Sheet1!$A$2:$A$36,0)) -> 0 | AJ7: =INDEX([4]Sheet1!U$2:U$36,MATCH($H7,[4]Sheet1!$A$2:$A$36,0)) -> 8.4 | AK7: =INDEX([4]Sheet1!V$2:V$36,MATCH($H7,[4]Sheet1!$A$2:$A$36,0)) -> 0 | AL7: =INDEX([4]Sheet1!W$2:W$36,MATCH($H7,[4]Sheet1!$A$2:$A$36,0)) -> 23.809524 | AM7: =INDEX([4]Sheet1!N$2:N$36,MATCH($H7,[4]Sheet1!$A$2:$A$36,0)) -> 4200 | AN7: =INDEX([4]Sheet1!O$2:O$36,MATCH($H7,[4]Sheet1!$A$2:$A$36,0))
A8: 1001 | B8: 5 | C8: ="{"&K8&","&ROUNDUP(M8,0)&"},"&"{"&L8&","&ROUNDUP(N8,0)&"}" -> {10115,15},{21001,15} | D8: 150000 | E8: 37 | F8: ="{1,"&INT(S8*P8)&"},{2,"&INT(Q8*P8)&"},"&IF(R8=0,"","{3,"&INT(R8*P8)&"},")&"{6,"&INT(T8*P8)&"}" -> {1,1604},{2,565},{6,432} | G8: =1 -> 1 | H8: 幻影坦克 | I8: {=INDEX([1]英雄界面!$I$4:$I$41,MATCH(A8,[1]英雄界面!$A$4:$A$41,0))} -> 50 | J8: =1 -> 1 | K8: =CHOOSE(J8,INDEX([2]勋章!$I$7:$I$24,MATCH($B8,[2]勋章!$G$7:$G$24,0)),INDEX([2]勋章!$M$7:$M$24,MATCH($B8,[2]勋章!$G$7:$G$24,0)),INDEX([2]勋章!$P$7:$P$24,MATCH($B8,[2]勋章!$G$7:$G$24,0)),INDEX([2]勋章!$S$7:$S$24,MATCH($B8,[2]勋章!$G$7:$G$24,0))) -> 10115 | L8: {=INDEX([2]图纸掉落!$H$4:$H$38,MATCH(H8,[2]图纸掉落!$G$4:$G$38,0))} -> 21001 | M8: 15 | N8: 15 | O8: =INDEX([1]英雄界面!$J$4:$J$41,MATCH(A8,[1]英雄界面!$A$4:$A$41,0))/2 -> 1.5 | P8: =P7-0.1 -> 1.2 | Q8: =INT(INDEX([1]等级属性!B$4:B$203,MATCH($AC8,[1]等级属性!$A$4:$A$203,0))*V8/10000) -> 471 | R8: =INT(INDEX([1]等级属性!C$4:C$203,MATCH($AC8,[1]等级属性!$A$4:$A$203,0))*W8/10000) -> 0 | S8: =INT(INDEX([1]等级属性!D$4:D$203,MATCH($AC8,[1]等级属性!$A$4:$A$203,0))*X8/10000) -> 1337 | T8: =INT(INDEX([1]等级属性!E$4:E$203,MATCH($AC8,[1]等级属性!$A$4:$A$203,0))*Y8/10000) -> 360 | V8: {=INDEX(单位特点规划!D$2:D$37,MATCH($A8,单位特点规划!$A$2:$A$37,0))} -> 16600 | W8: {=INDEX(单位特点规划!E$2:E$37,MATCH($A8,单位特点规划!$A$2:$A$37,0))} -> 0 | X8: {=INDEX(单位特点规划!F$2:F$37,MATCH($A8,单位特点规划!$A$2:$A$37,0))} -> 15700 | Y8: {=INDEX(单位特点规划!G$2:G$37,MATCH($A8,单位特点规划!$A$2:$A$37,0))} -> 18500 | AA8: =1.93 -> 1.93 | AB8: =INT(INDEX([3]进阶属性!$C$2:$C$19,MATCH(B8,[3]进阶属性!$A$2:$A$19,0))/2*AH8) -> 852 | AC8: 40 | AD8: =INT((INDEX([3]标准单位!$J$2:$J$201,MATCH($AC8,[3]标准单位!$A$2:$A$201,0))*AE8)/(1-AE8)) -> 0 | AE8: =0 -> 0 | AF8: =AG8/AG8 -> 1 | AG8: =(Q8/AM8*1000+IF(AN8<>"",R8/AN8*1000,0)+S8/3+T8/5)/AH8 -> 314.90476 | AH8: {=INDEX([4]Sheet1!H$2:H$36,MATCH($H8,[4]Sheet1!$A$2:$A$36,0))} -> 2 | AI8: =INDEX([4]Sheet1!T$2:T$36,MATCH($H8,[4]Sheet1!$A$2:$A$36,0)) -> 0 | AJ8: =INDEX([4]Sheet1!U$2:U$36,MATCH($H8,[4]Sheet1!$A$2:$A$36,0)) -> 8.4 | AK8: =INDEX([4]Sheet1!V$2:V$36,MATCH($H8,[4]Sheet1!$A$2:$A$36,0)) -> 0 | AL8: =INDEX([4]Sheet1!W$2:W$36,MATCH($H8,[4]Sheet1!$A$2:$A$36,0)) -> 23.809524 | AM8: =INDEX([4]Sheet1!N$2:N$36,MATCH($H8,[4]Sheet1!$A$2:$A$36,0)) -> 4200 | AN8: =INDEX([4]Sheet1!O$2:O$36,MATCH($H8,[4]Sheet1!$A$2:$A$36,0))
A9: 1001 | B9: 6 | C9: ="{"&K9&","&ROUNDUP(M9,0)&"},"&"{"&L9&","&ROUNDUP(N9,0)&"}" -> {10116,20},{21001,16} | D9: 250000 | E9: 42 | F9: ="{1,"&INT(S9*P9)&"},{2,"&INT(Q9*P9)&"},"&IF(R9=0,"","{3,"&INT(R9*P9)&"},")&"{6,"&INT(T9*P9)&"}" -> {1,1688},{2,595},{6,457} | G9: =1 -> 1 | H9: 幻影坦克 | I9: {=INDEX([1]英雄界面!$I$4:$I$41,MATCH(A9,[1]英雄界面!$A$4:$A$41,0))} -> 50 | J9: =1 -> 1 | K9: =CHOOSE(J9,INDEX([2]勋章!$I$7:$I$24,MATCH($B9,[2]勋章!$G$7:$G$24,0)),INDEX([2]勋章!$M$7:$M$24,MATCH($B9,[2]勋章!$G$7:$G$24,0)),INDEX([2]勋章!$P$7:$P$24,MATCH($B9,[2]勋章!$G$7:$G$24,0)),INDEX([2]勋章!$S$7:$S$24,MATCH($B9,[2]勋章!$G$7:$G$24,0))) -> 10116 | L9: {=INDEX([2]图纸掉落!$H$4:$H$38,MATCH(H9,[2]图纸掉落!$G$4:$G$38,0))} -> 21001 | M9: 20 | N9: 16 | O9: =INDEX([1]英雄界面!$J$4:$J$41,MATCH(A9,[1]英雄界面!$A$4:$A$41,0))/2 -> 1.5 | P9: =P8-0.1 -> 1.1 | Q9: =INT(INDEX([1]等级属性!B$4:B$203,MATCH($AC9,[1]等级属性!$A$4:$A$203,0))*V9/10000) -> 541 | R9: =INT(INDEX([1]等级属性!C$4:C$203,MATCH($AC9,[1]等级属性!$A$4:$A$203,0))*W9/10000) -> 0 | S9: =INT(INDEX([1]等级属性!D$4:D$203,MATCH($AC9,[1]等级属性!$A$4:$A$203,0))*X9/10000) -> 1535 | T9: =INT(INDEX([1]等级属性!E$4:E$203,MATCH($AC9,[1]等级属性!$A$4:$A$203,0))*Y9/10000) -> 416 | V9: {=INDEX(单位特点规划!D$2:D$37,MATCH($A9,单位特点规划!$A$2:$A$37,0))} -> 16600 | W9: {=INDEX(单位特点规划!E$2:E$37,MATCH($A9,单位特点规划!$A$2:$A$37,0))} -> 0 | X9: {=INDEX(单位特点规划!F$2:F$37,MATCH($A9,单位特点规划!$A$2:$A$37,0))} -> 15700 | Y9: {=INDEX(单位特点规划!G$2:G$37,MATCH($A9,单位特点规划!$A$2:$A$37,0))} -> 18500 | AA9: =1.93 -> 1.93 | AB9: =INT(INDEX([3]进阶属性!$C$2:$C$19,MATCH(B9,[3]进阶属性!$A$2:$A$19,0))/2*AH9) -> 1107 | AC9: 45 | AD9: =INT((INDEX([3]标准单位!$J$2:$J$201,MATCH($AC9,[3]标准单位!$A$2:$A$201,0))*AE9)/(1-AE9)) -> 0 | AE9: =0 -> 0 | AF9: =AG9/AG9 -> 1 | AG9: =(Q9/AM9*1000+IF(AN9<>"",R9/AN9*1000,0)+S9/3+T9/5)/AH9 -> 361.8381 | AH9: {=INDEX([4]Sheet1!H$2:H$36,MATCH($H9,[4]Sheet1!$A$2:$A$36,0))} -> 2 | AI9: =INDEX([4]Sheet1!T$2:T$36,MATCH($H9,[4]Sheet1!$A$2:$A$36,0)) -> 0 | AJ9: =INDEX([4]Sheet1!U$2:U$36,MATCH($H9,[4]Sheet1!$A$2:$A$36,0)) -> 8.4 | AK9: =INDEX([4]Sheet1!V$2:V$36,MATCH($H9,[4]Sheet1!$A$2:$A$36,0)) -> 0 | AL9: =INDEX([4]Sheet1!W$2:W$36,MATCH($H9,[4]Sheet1!$A$2:$A$36,0)) -> 23.809524 | AM9: =INDEX([4]Sheet1!N$2:N$36,MATCH($H9,[4]Sheet1!$A$2:$A$36,0)) -> 4200 | AN9: =INDEX([4]Sheet1!O$2:O$36,MATCH($H9,[4]Sheet1!$A$2:$A$36,0))
A10: 1001 | B10: 7 | C10: ="{"&K10&","&ROUNDUP(M10,0)&"},"&"{"&L10&","&ROUNDUP(N10,0)&"}" -> {10117,22},{21001,26} | D10: 300000 | E10: 47 | F10: ="{1,"&INT(S10*P10)&"},{2,"&INT(Q10*P10)&"},"&IF(R10=0,"","{3,"&INT(R10*P10)&"},")&"{6,"&INT(T10*P10)&"}" -> {1,1737},{2,612},{6,473} | G10: =1 -> 1 | H10: 幻影坦克 | I10: {=INDEX([1]英雄界面!$I$4:$I$41,MATCH(A10,[1]英雄界面!$A$4:$A$41,0))} -> 50 | J10: =1 -> 1 | K10: =CHOOSE(J10,INDEX([2]勋章!$I$7:$I$24,MATCH($B10,[2]勋章!$G$7:$G$24,0)),INDEX([2]勋章!$M$7:$M$24,MATCH($B10,[2]勋章!$G$7:$G$24,0)),INDEX([2]勋章!$P$7:$P$24,MATCH($B10,[2]勋章!$G$7:$G$24,0)),INDEX([2]勋章!$S$7:$S$24,MATCH($B10,[2]勋章!$G$7:$G$24,0))) -> 10117 | L10: {=INDEX([2]图纸掉落!$H$4:$H$38,MATCH(H10,[2]图纸掉落!$G$4:$G$38,0))} -> 21001 | M10: 22 | N10: 26 | O10: =INDEX([1]英雄界面!$J$4:$J$41,MATCH(A10,[1]英雄界面!$A$4:$A$41,0))/2 -> 1.5 | P10: =P9-0.1 -> 1 | Q10: =INT(INDEX([1]等级属性!B$4:B$203,MATCH($AC10,[1]等级属性!$A$4:$A$203,0))*V10/10000) -> 612 | R10: =INT(INDEX([1]等级属性!C$4:C$203,MATCH($AC10,[1]等级属性!$A$4:$A$203,0))*W10/10000) -> 0 | S10: =INT(INDEX([1]等级属性!D$4:D$203,MATCH($AC10,[1]等级属性!$A$4:$A$203,0))*X10/10000) -> 1737 | T10: =INT(INDEX([1]等级属性!E$4:E$203,MATCH($AC10,[1]等级属性!$A$4:$A$203,0))*Y10/10000) -> 473 | V10: {=INDEX(单位特点规划!D$2:D$37,MATCH($A10,单位特点规划!$A$2:$A$37,0))} -> 16600 | W10: {=INDEX(单位特点规划!E$2:E$37,MATCH($A10,单位特点规划!$A$2:$A$37,0))} -> 0 | X10: {=INDEX(单位特点规划!F$2:F$37,MATCH($A10,单位特点规划!$A$2:$A$37,0))} -> 15700 | Y10: {=INDEX(单位特点规划!G$2:G$37,MATCH($A10,单位特点规划!$A$2:$A$37,0))} -> 18500 | AA10: =1.93 -> 1.93 | AB10: =INT(INDEX([3]进阶属性!$C$2:$C$19,MATCH(B10,[3]进阶属性!$A$2:$A$19,0))/2*AH10) -> 1437 | AC10: 50 | AD10: =INT((INDEX([3]标准单位!$J$2:$J$201,MATCH($AC10,[3]标准单位!$A$2:$A$201,0))*AE10)/(1-AE10)) -> 0 | AE10: =0 -> 0 | AF10: =AG10/AG10 -> 1 | AG10: =(Q10/AM10*1000+IF(AN10<>"",R10/AN10*1000,0)+S10/3+T10/5)/AH10 -> 409.65714 | AH10: {=INDEX([4]Sheet1!H$2:H$36,MATCH($H10,[4]Sheet1!$A$2:$A$36,0))} -> 2 | AI10: =INDEX([4]Sheet1!T$2:T$36,MATCH($H10,[4]Sheet1!$A$2:$A$36,0)) -> 0 | AJ10: =INDEX([4]Sheet1!U$2:U$36,MATCH($H10,[4]Sheet1!$A$2:$A$36,0)) -> 8.4 | AK10: =INDEX([4]Sheet1!V$2:V$36,MATCH($H10,[4]Sheet1!$A$2:$A$36,0)) -> 0 | AL10: =INDEX([4]Sheet1!W$2:W$36,MATCH($H10,[4]Sheet1!$A$2:$A$36,0)) -> 23.809524 | AM10: =INDEX([4]Sheet1!N$2:N$36,MATCH($H10,[4]Sheet1!$A$2:$A$36,0)) -> 4200 | AN10: =INDEX([4]Sheet1!O$2:O$36,MATCH($H10,[4]Sheet1!$A$2:$A$36,0))
A11: 1001 | B11: 8 | C11: ="{"&K11&","&ROUNDUP(M11,0)&"},"&"{"&L11&","&ROUNDUP(N11,0)&"}" -> {10118,25},{21001,29} | D11: 350000 | E11: 52 | F11: ="{1,"&INT(S11*P11)&"},{2,"&INT(Q11*P11)&"},"&IF(R11=0,"","{3,"&INT(R11*P11)&"},")&"{6,"&INT(T11*P11)&"}" -> {1,1997},{2,703},{6,542} | G11: =1 -> 1 | H11: 幻影坦克 | I11: {=INDEX([1]英雄界面!$I$4:$I$41,MATCH(A11,[1]英雄界面!$A$4:$A$41,0))} -> 50 | J11: =1 -> 1 | K11: =CHOOSE(J11,INDEX([2]勋章!$I$7:$I$24,MATCH($B11,[2]勋章!$G$7:$G$24,0)),INDEX([2]勋章!$M$7:$M$24,MATCH($B11,[2]勋章!$G$7:$G$24,0)),INDEX([2]勋章!$P$7:$P$24,MATCH($B11,[2]勋章!$G$7:$G$24,0)),INDEX([2]勋章!$S$7:$S$24,MATCH($B11,[2]勋章!$G$7:$G$24,0))) -> 10118 | L11: {=INDEX([2]图纸掉落!$H$4:$H$38,MATCH(H11,[2]图纸掉落!$G$4:$G$38,0))} -> 21001 | M11: 25 | N11: 29 | O11: =INDEX([1]英雄界面!$J$4:$J$41,MATCH(A11,[1]英雄界面!$A$4:$A$41,0))/2 -> 1.5 | P11: =P10 -> 1 | Q11: =INT(INDEX([1]等级属性!B$4:B$203,MATCH($AC11,[1]等级属性!$A$4:$A$203,0))*V11/10000) -> 703 | R11: =INT(INDEX([1]等级属性!C$4:C$203,MATCH($AC11,[1]等级属性!$A$4:$A$203,0))*W11/10000) -> 0 | S11: =INT(INDEX([1]等级属性!D$4:D$203,MATCH($AC11,[1]等级属性!$A$4:$A$203,0))*X11/10000) -> 1997 | T11: =INT(INDEX([1]等级属性!E$4:E$203,MATCH($AC11,[1]等级属性!$A$4:$A$203,0))*Y11/10000) -> 542 | V11: {=INDEX(单位特点规划!D$2:D$37,MATCH($A11,单位特点规划!$A$2:$A$37,0))} -> 16600 | W11: {=INDEX(单位特点规划!E$2:E$37,MATCH($A11,单位特点规划!$A$2:$A$37,0))} -> 0 | X11: {=INDEX(单位特点规划!F$2:F$37,MATCH($A11,单位特点规划!$A$2:$A$37,0))} -> 15700 | Y11: {=INDEX(单位特点规划!G$2:G$37,MATCH($A11,单位特点规划!$A$2:$A$37,0))} -> 18500 | AA11: =1.93 -> 1.93 | AB11: =INT(INDEX([3]进阶属性!$C$2:$C$19,MATCH(B11,[3]进阶属性!$A$2:$A$19,0))/2*AH11) -> 1866 | AC11: 55 | AD11: =INT((INDEX([3]标准单位!$J$2:$J$201,MATCH($AC11,[3]标准单位!$A$2:$A$201,0))*AE11)/(1-AE11)) -> 0 | AE11: =0 -> 0 | AF11: =AG11/AG11 -> 1 | AG11: =(Q11/AM11*1000+IF(AN11<>"",R11/AN11*1000,0)+S11/3+T11/5)/AH11 -> 470.72381 | AH11: {=INDEX([4]Sheet1!H$2:H$36,MATCH($H11,[4]Sheet1!$A$2:$A$36,0))} -> 2 | AI11: =INDEX([4]Sheet1!T$2:T$36,MATCH($H11,[4]Sheet1!$A$2:$A$36,0)) -> 0 | AJ11: =INDEX([4]Sheet1!U$2:U$36,MATCH($H11,[4]Sheet1!$A$2:$A$36,0)) -> 8.4 | AK11: =INDEX([4]Sheet1!V$2:V$36,MATCH($H11,[4]Sheet1!$A$2:$A$36,0)) -> 0 | AL11: =INDEX([4]Sheet1!W$2:W$36,MATCH($H11,[4]Sheet1!$A$2:$A$36,0)) -> 23.809524 | AM11: =INDEX([4]Sheet1!N$2:N$36,MATCH($H11,[4]Sheet1!$A$2:$A$36,0)) -> 4200 | AN11: =INDEX([4]Sheet1!O$2:O$36,MATCH($H11,[4]Sheet1!$A$2:$A$36,0))
A12: 1001 | B12: 9 | C12: ="{"&K12&","&ROUNDUP(M12,0)&"},"&"{"&L12&","&ROUNDUP(N12,0)&"}" -> {10119,27},{21001,30} | D12: 400000 | E12: 57 | F12: ="{1,"&INT(S12*P12)&"},{2,"&INT(Q12*P12)&"},"&IF(R12=0,"","{3,"&INT(R12*P12)&"},")&"{6,"&INT(T12*P12)&"}" -> {1,2256},{2,795},{6,612} | G12: =1 -> 1 | H12: 幻影坦克 | I12: {=INDEX([1]英雄界面!$I$4:$I$41,MATCH(A12,[1]英雄界面!$A$4:$A$41,0))} -> 50 | J12: =1 -> 1 | K12: =CHOOSE(J12,INDEX([2]勋章!$I$7:$I$24,MATCH($B12,[2]勋章!$G$7:$G$24,0)),INDEX([2]勋章!$M$7:$M$24,MATCH($B12,[2]勋章!$G$7:$G$24,0)),INDEX([2]勋章!$P$7:$P$24,MATCH($B12,[2]勋章!$G$7:$G$24,0)),INDEX([2]勋章!$S$7:$S$24,MATCH($B12,[2]勋章!$G$7:$G$24,0))) -> 10119 | L12: {=INDEX([2]图纸掉落!$H$4:$H$38,MATCH(H12,[2]图纸掉落!$G$4:$G$38,0))} -> 21001 | M12: 27 | N12: 30 | O12: =INDEX([1]英雄界面!$J$4:$J$41,MATCH(A12,[1]英雄界面!$A$4:$A$41,0))/2 -> 1.5 | P12: =P11 -> 1 | Q12: =INT(INDEX([1]等级属性!B$4:B$203,MATCH($AC12,[1]等级属性!$A$4:$A$203,0))*V12/10000) -> 795 | R12: =INT(INDEX([1]等级属性!C$4:C$203,MATCH($AC12,[1]等级属性!$A$4:$A$203,0))*W12/10000) -> 0 | S12: =INT(INDEX([1]等级属性!D$4:D$203,MATCH($AC12,[1]等级属性!$A$4:$A$203,0))*X12/10000) -> 2256 | T12: =INT(INDEX([1]等级属性!E$4:E$203,MATCH($AC12,[1]等级属性!$A$4:$A$203,0))*Y12/10000) -> 612 | V12: {=INDEX(单位特点规划!D$2:D$37,MATCH($A12,单位特点规划!$A$2:$A$37,0))} -> 16600 | W12: {=INDEX(单位特点规划!E$2:E$37,MATCH($A12,单位特点规划!$A$2:$A$37,0))} -> 0 | X12: {=INDEX(单位特点规划!F$2:F$37,MATCH($A12,单位特点规划!$A$2:$A$37,0))} -> 15700 | Y12: {=INDEX(单位特点规划!G$2:G$37,MATCH($A12,单位特点规划!$A$2:$A$37,0))} -> 18500 | AA12: =1.93 -> 1.93 | AB12: =INT(INDEX([3]进阶属性!$C$2:$C$19,MATCH(B12,[3]进阶属性!$A$2:$A$19,0))/2*AH12) -> 2424 | AC12: 60 | AD12: =INT((INDEX([3]标准单位!$J$2:$J$201,MATCH($AC12,[3]标准单位!$A$2:$A$201,0))*AE12)/(1-AE12)) -> 0 | AE12: =0 -> 0 | AF12: =AG12/AG12 -> 1 | AG12: =(Q12/AM12*1000+IF(AN12<>"",R12/AN12*1000,0)+S12/3+T12/5)/AH12 -> 531.84286 | AH12: {=INDEX([4]Sheet1!H$2:H$36,MATCH($H12,[4]Sheet1!$A$2:$A$36,0))} -> 2 | AI12: =INDEX([4]Sheet1!T$2:T$36,MATCH($H12,[4]Sheet1!$A$2:$A$36,0)) -> 0 | AJ12: =INDEX([4]Sheet1!U$2:U$36,MATCH($H12,[4]Sheet1!$A$2:$A$36,0)) -> 8.4 | AK12: =INDEX([4]Sheet1!V$2:V$36,MATCH($H12,[4]Sheet1!$A$2:$A$36,0)) -> 0 | AL12: =INDEX([4]Sheet1!W$2:W$36,MATCH($H12,[4]Sheet1!$A$2:$A$36,0)) -> 23.809524 | AM12: =INDEX([4]Sheet1!N$2:N$36,MATCH($H12,[4]Sheet1!$A$2:$A$36,0)) -> 4200 | AN12: =INDEX([4]Sheet1!O$2:O$36,MATCH($H12,[4]Sheet1!$A$2:$A$36,0))
A13: 1001 | B13: 10 | C13: ="{"&K13&","&ROUNDUP(M13,0)&"},"&"{"&L13&","&ROUNDUP(N13,0)&"}" -> {10120,30},{21001,45} | D13: 450000 | E13: 62 | F13: ="{1,"&INT(S13*P13)&"},{2,"&INT(Q13*P13)&"},"&IF(R13=0,"","{3,"&INT(R13*P13)&"},")&"{6,"&INT(T13*P13)&"}" -> {1,2590},{2,913},{6,704} | G13: =1 -> 1 | H13: 幻影坦克 | I13: {=INDEX([1]英雄界面!$I$4:$I$41,MATCH(A13,[1]英雄界面!$A$4:$A$41,0))} -> 50 | J13: =1 -> 1 | K13: =CHOOSE(J13,INDEX([2]勋章!$I$7:$I$24,MATCH($B13,[2]勋章!$G$7:$G$24,0)),INDEX([2]勋章!$M$7:$M$24,MATCH($B13,[2]勋章!$G$7:$G$24,0)),INDEX([2]勋章!$P$7:$P$24,MATCH($B13,[2]勋章!$G$7:$G$24,0)),INDEX([2]勋章!$S$7:$S$24,MATCH($B13,[2]勋章!$G$7:$G$24,0))) -> 10120 | L13: {=INDEX([2]图纸掉落!$H$4:$H$38,MATCH(H13,[2]图纸掉落!$G$4:$G$38,0))} -> 21001 | M13: 30 | N13: 45 | O13: =INDEX([1]英雄界面!$J$4:$J$41,MATCH(A13,[1]英雄界面!$A$4:$A$41,0))/2 -> 1.5 | P13: =P12 -> 1 | Q13: =INT(INDEX([1]等级属性!B$4:B$203,MATCH($AC13,[1]等级属性!$A$4:$A$203,0))*V13/10000) -> 913 | R13: =INT(INDEX([1]等级属性!C$4:C$203,MATCH($AC13,[1]等级属性!$A$4:$A$203,0))*W13/10000) -> 0 | S13: =INT(INDEX([1]等级属性!D$4:D$203,MATCH($AC13,[1]等级属性!$A$4:$A$203,0))*X13/10000) -> 2590 | T13: =INT(INDEX([1]等级属性!E$4:E$203,MATCH($AC13,[1]等级属性!$A$4:$A$203,0))*Y13/10000) -> 704 | V13: {=INDEX(单位特点规划!D$2:D$37,MATCH($A13,单位特点规划!$A$2:$A$37,0))} -> 16600 | W13: {=INDEX(单位特点规划!E$2:E$37,MATCH($A13,单位特点规划!$A$2:$A$37,0))} -> 0 | X13: {=INDEX(单位特点规划!F$2:F$37,MATCH($A13,单位特点规划!$A$2:$A$37,0))} -> 15700 | Y13: {=INDEX(单位特点规划!G$2:G$37,MATCH($A13,单位特点规划!$A$2:$A$37,0))} -> 18500 | AA13: =1.93 -> 1.93 | AB13: =INT(INDEX([3]进阶属性!$C$2:$C$19,MATCH(B13,[3]进阶属性!$A$2:$A$19,0))/2*AH13) -> 3150 | AC13: 65 | AD13: =INT((INDEX([3]标准单位!$J$2:$J$201,MATCH($AC13,[3]标准单位!$A$2:$A$201,0))*AE13)/(1-AE13)) -> 0 | AE13: =0 -> 0 | AF13: =AG13/AG13 -> 1 | AG13: =(Q13/AM13*1000+IF(AN13<>"",R13/AN13*1000,0)+S13/3+T13/5)/AH13 -> 610.75714 | AH13: {=INDEX([4]Sheet1!H$2:H$36,MATCH($H13,[4]Sheet1!$A$2:$A$36,0))} -> 2 | AI13: =INDEX([4]Sheet1!T$2:T$36,MATCH($H13,[4]Sheet1!$A$2:$A$36,0)) -> 0 | AJ13: =INDEX([4]Sheet1!U$2:U$36,MATCH($H13,[4]Sheet1!$A$2:$A$36,0)) -> 8.4 | AK13: =INDEX([4]Sheet1!V$2:V$36,MATCH($H13,[4]Sheet1!$A$2:$A$36,0)) -> 0 | AL13: =INDEX([4]Sheet1!W$2:W$36,MATCH($H13,[4]Sheet1!$A$2:$A$36,0)) -> 23.809524 | AM13: =INDEX([4]Sheet1!N$2:N$36,MATCH($H13,[4]Sheet1!$A$2:$A$36,0)) -> 4200 | AN13: =INDEX([4]Sheet1!O$2:O$36,MATCH($H13,[4]Sheet1!$A$2:$A$36,0))
A14: 1001 | B14: 11 | C14: ="{"&K14&","&ROUNDUP(M14,0)&"},"&"{"&L14&","&ROUNDUP(N14,0)&"}" -> {10121,32},{21001,61} | D14: 500000 | E14: 67 | F14: ="{1,"&INT(S14*P14)&"},{2,"&INT(Q14*P14)&"},"&IF(R14=0,"","{3,"&INT(R14*P14)&"},")&"{6,"&INT(T14*P14)&"}" -> {1,2929},{2,1032},{6,797} | G14: =1 -> 1 | H14: 幻影坦克 | I14: {=INDEX([1]英雄界面!$I$4:$I$41,MATCH(A14,[1]英雄界面!$A$4:$A$41,0))} -> 50 | J14: =1 -> 1 | K14: =CHOOSE(J14,INDEX([2]勋章!$I$7:$I$24,MATCH($B14,[2]勋章!$G$7:$G$24,0)),INDEX([2]勋章!$M$7:$M$24,MATCH($B14,[2]勋章!$G$7:$G$24,0)),INDEX([2]勋章!$P$7:$P$24,MATCH($B14,[2]勋章!$G$7:$G$24,0)),INDEX([2]勋章!$S$7:$S$24,MATCH($B14,[2]勋章!$G$7:$G$24,0))) -> 10121 | L14: {=INDEX([2]图纸掉落!$H$4:$H$38,MATCH(H14,[2]图纸掉落!$G$4:$G$38,0))} -> 21001 | M14: 32 | N14: 61 | O14: =INDEX([1]英雄界面!$J$4:$J$41,MATCH(A14,[1]英雄界面!$A$4:$A$41,0))/2 -> 1.5 | P14: =P13 -> 1 | Q14: =INT(INDEX([1]等级属性!B$4:B$203,MATCH($AC14,[1]等级属性!$A$4:$A$203,0))*V14/10000) -> 1032 | R14: =INT(INDEX([1]等级属性!C$4:C$203,MATCH($AC14,[1]等级属性!$A$4:$A$203,0))*W14/10000) -> 0 | S14: =INT(INDEX([1]等级属性!D$4:D$203,MATCH($AC14,[1]等级属性!$A$4:$A$203,0))*X14/10000) -> 2929 | T14: =INT(INDEX([1]等级属性!E$4:E$203,MATCH($AC14,[1]等级属性!$A$4:$A$203,0))*Y14/10000) -> 797 | V14: {=INDEX(单位特点规划!D$2:D$37,MATCH($A14,单位特点规划!$A$2:$A$37,0))} -> 16600 | W14: {=INDEX(单位特点规划!E$2:E$37,MATCH($A14,单位特点规划!$A$2:$A$37,0))} -> 0 | X14: {=INDEX(单位特点规划!F$2:F$37,MATCH($A14,单位特点规划!$A$2:$A$37,0))} -> 15700 | Y14: {=INDEX(单位特点规划!G$2:G$37,MATCH($A14,单位特点规划!$A$2:$A$37,0))} -> 18500 | AA14: =1.93 -> 1.93 | AB14: =INT(INDEX([3]进阶属性!$C$2:$C$19,MATCH(B14,[3]进阶属性!$A$2:$A$19,0))/2*AH14) -> 4095 | AC14: 70 | AD14: =INT((INDEX([3]标准单位!$J$2:$J$201,MATCH($AC14,[3]标准单位!$A$2:$A$201,0))*AE14)/(1-AE14)) -> 0 | AE14: =0 -> 0 | AF14: =AG14/AG14 -> 1 | AG14: =(Q14/AM14*1000+IF(AN14<>"",R14/AN14*1000,0)+S14/3+T14/5)/AH14 -> 690.72381 | AH14: {=INDEX([4]Sheet1!H$2:H$36,MATCH($H14,[4]Sheet1!$A$2:$A$36,0))} -> 2 | AI14: =INDEX([4]Sheet1!T$2:T$36,MATCH($H14,[4]Sheet1!$A$2:$A$36,0)) -> 0 | AJ14: =INDEX([4]Sheet1!U$2:U$36,MATCH($H14,[4]Sheet1!$A$2:$A$36,0)) -> 8.4 | AK14: =INDEX([4]Sheet1!V$2:V$36,MATCH($H14,[4]Sheet1!$A$2:$A$36,0)) -> 0 | AL14: =INDEX([4]Sheet1!W$2:W$36,MATCH($H14,[4]Sheet1!$A$2:$A$36,0)) -> 23.809524 | AM14: =INDEX([4]Sheet1!N$2:N$36,MATCH($H14,[4]Sheet1!$A$2:$A$36,0)) -> 4200 | AN14: =INDEX([4]Sheet1!O$2:O$36,MATCH($H14,[4]Sheet1!$A$2:$A$36,0))
A15: 1001 | B15: 12 | C15: ="{"&K15&","&ROUNDUP(M15,0)&"},"&"{"&L15&","&ROUNDUP(N15,0)&"}" -> {10122,35},{21001,66} | D15: 550000 | E15: 72 | F15: ="{1,"&INT(S15*P15)&"},{2,"&INT(Q15*P15)&"},"&IF(R15=0,"","{3,"&INT(R15*P15)&"},")&"{6,"&INT(T15*P15)&"}" -> {1,3367},{2,1186},{6,915} | G15: =1 -> 1 | H15: 幻影坦克 | I15: {=INDEX([1]英雄界面!$I$4:$I$41,MATCH(A15,[1]英雄界面!$A$4:$A$41,0))} -> 50 | J15: =1 -> 1 | K15: =CHOOSE(J15,INDEX([2]勋章!$I$7:$I$24,MATCH($B15,[2]勋章!$G$7:$G$24,0)),INDEX([2]勋章!$M$7:$M$24,MATCH($B15,[2]勋章!$G$7:$G$24,0)),INDEX([2]勋章!$P$7:$P$24,MATCH($B15,[2]勋章!$G$7:$G$24,0)),INDEX([2]勋章!$S$7:$S$24,MATCH($B15,[2]勋章!$G$7:$G$24,0))) -> 10122 | L15: {=INDEX([2]图纸掉落!$H$4:$H$38,MATCH(H15,[2]图纸掉落!$G$4:$G$38,0))} -> 21001 | M15: 35 | N15: 66 | O15: =INDEX([1]英雄界面!$J$4:$J$41,MATCH(A15,[1]英雄界面!$A$4:$A$41,0))/2 -> 1.5 | P15: =P14 -> 1 | Q15: =INT(INDEX([1]等级属性!B$4:B$203,MATCH($AC15,[1]等级属性!$A$4:$A$203,0))*V15/10000) -> 1186 | R15: =INT(INDEX([1]等级属性!C$4:C$203,MATCH($AC15,[1]等级属性!$A$4:$A$203,0))*W15/10000) -> 0 | S15: =INT(INDEX([1]等级属性!D$4:D$203,MATCH($AC15,[1]等级属性!$A$4:$A$203,0))*X15/10000) -> 3367 | T15: =INT(INDEX([1]等级属性!E$4:E$203,MATCH($AC15,[1]等级属性!$A$4:$A$203,0))*Y15/10000) -> 915 | V15: {=INDEX(单位特点规划!D$2:D$37,MATCH($A15,单位特点规划!$A$2:$A$37,0))} -> 16600 | W15: {=INDEX(单位特点规划!E$2:E$37,MATCH($A15,单位特点规划!$A$2:$A$37,0))} -> 0 | X15: {=INDEX(单位特点规划!F$2:F$37,MATCH($A15,单位特点规划!$A$2:$A$37,0))} -> 15700 | Y15: {=INDEX(单位特点规划!G$2:G$37,MATCH($A15,单位特点规划!$A$2:$A$37,0))} -> 18500 | AA15: =1.93 -> 1.93 | AB15: =INT(INDEX([3]进阶属性!$C$2:$C$19,MATCH(B15,[3]进阶属性!$A$2:$A$19,0))/2*AH15) -> 5322 | AC15: 75 | AD15: =INT((INDEX([3]标准单位!$J$2:$J$201,MATCH($AC15,[3]标准单位!$A$2:$A$201,0))*AE15)/(1-AE15)) -> 0 | AE15: =0 -> 0 | AF15: =AG15/AG15 -> 1 | AG15: =(Q15/AM15*1000+IF(AN15<>"",R15/AN15*1000,0)+S15/3+T15/5)/AH15 -> 793.85714 | AH15: {=INDEX([4]Sheet1!H$2:H$36,MATCH($H15,[4]Sheet1!$A$2:$A$36,0))} -> 2 | AI15: =INDEX([4]Sheet1!T$2:T$36,MATCH($H15,[4]Sheet1!$A$2:$A$36,0)) -> 0 | AJ15: =INDEX([4]Sheet1!U$2:U$36,MATCH($H15,[4]Sheet1!$A$2:$A$36,0)) -> 8.4 | AK15: =INDEX([4]Sheet1!V$2:V$36,MATCH($H15,[4]Sheet1!$A$2:$A$36,0)) -> 0 | AL15: =INDEX([4]Sheet1!W$2:W$36,MATCH($H15,[4]Sheet1!$A$2:$A$36,0)) -> 23.809524 | AM15: =INDEX([4]Sheet1!N$2:N$36,MATCH($H15,[4]Sheet1!$A$2:$A$36,0)) -> 4200 | AN15: =INDEX([4]Sheet1!O$2:O$36,MATCH($H15,[4]Sheet1!$A$2:$A$36,0))
A16: 1001 | B16: 13 | C16: ="{"&K16&","&ROUNDUP(M16,0)&"},"&"{"&L16&","&ROUNDUP(N16,0)&"}" -> {10123,37},{21001,70} | D16: 600000 | E16: 77 | F16: ="{1,"&INT(S16*P16)&"},{2,"&INT(Q16*P16)&"},"&IF(R16=0,"","{3,"&INT(R16*P16)&"},")&"{6,"&INT(T16*P16)&"}" -> {1,3805},{2,1341},{6,1036} | G16: =1 -> 1 | H16: 幻影坦克 | I16: {=INDEX([1]英雄界面!$I$4:$I$41,MATCH(A16,[1]英雄界面!$A$4:$A$41,0))} -> 50 | J16: =1 -> 1 | K16: =CHOOSE(J16,INDEX([2]勋章!$I$7:$I$24,MATCH($B16,[2]勋章!$G$7:$G$24,0)),INDEX([2]勋章!$M$7:$M$24,MATCH($B16,[2]勋章!$G$7:$G$24,0)),INDEX([2]勋章!$P$7:$P$24,MATCH($B16,[2]勋章!$G$7:$G$24,0)),INDEX([2]勋章!$S$7:$S$24,MATCH($B16,[2]勋章!$G$7:$G$24,0))) -> 10123 | L16: {=INDEX([2]图纸掉落!$H$4:$H$38,MATCH(H16,[2]图纸掉落!$G$4:$G$38,0))} -> 21001 | M16: 37 | N16: 70 | O16: =INDEX([1]英雄界面!$J$4:$J$41,MATCH(A16,[1]英雄界面!$A$4:$A$41,0))/2 -> 1.5 | P16: =P15 -> 1 | Q16: =INT(INDEX([1]等级属性!B$4:B$203,MATCH($AC16,[1]等级属性!$A$4:$A$203,0))*V16/10000) -> 1341 | R16: =INT(INDEX([1]等级属性!C$4:C$203,MATCH($AC16,[1]等级属性!$A$4:$A$203,0))*W16/10000) -> 0 | S16: =INT(INDEX([1]等级属性!D$4:D$203,MATCH($AC16,[1]等级属性!$A$4:$A$203,0))*X16/10000) -> 3805 | T16: =INT(INDEX([1]等级属性!E$4:E$203,MATCH($AC16,[1]等级属性!$A$4:$A$203,0))*Y16/10000) -> 1036 | V16: {=INDEX(单位特点规划!D$2:D$37,MATCH($A16,单位特点规划!$A$2:$A$37,0))} -> 16600 | W16: {=INDEX(单位特点规划!E$2:E$37,MATCH($A16,单位特点规划!$A$2:$A$37,0))} -> 0 | X16: {=INDEX(单位特点规划!F$2:F$37,MATCH($A16,单位特点规划!$A$2:$A$37,0))} -> 15700 | Y16: {=INDEX(单位特点规划!G$2:G$37,MATCH($A16,单位特点规划!$A$2:$A$37,0))} -> 18500 | AA16: =1.93 -> 1.93 | AB16: =INT(INDEX([3]进阶属性!$C$2:$C$19,MATCH(B16,[3]进阶属性!$A$2:$A$19,0))/2*AH16) -> 6918 | AC16: 80 | AD16: =INT((INDEX([3]标准单位!$J$2:$J$201,MATCH($AC16,[3]标准单位!$A$2:$A$201,0))*AE16)/(1-AE16)) -> 0 | AE16: =0 -> 0 | AF16: =AG16/AG16 -> 1 | AG16: =(Q16/AM16*1000+IF(AN16<>"",R16/AN16*1000,0)+S16/3+T16/5)/AH16 -> 897.40952 | AH16: {=INDEX([4]Sheet1!H$2:H$36,MATCH($H16,[4]Sheet1!$A$2:$A$36,0))} -> 2 | AI16: =INDEX([4]Sheet1!T$2:T$36,MATCH($H16,[4]Sheet1!$A$2:$A$36,0)) -> 0 | AJ16: =INDEX([4]Sheet1!U$2:U$36,MATCH($H16,[4]Sheet1!$A$2:$A$36,0)) -> 8.4 | AK16: =INDEX([4]Sheet1!V$2:V$36,MATCH($H16,[4]Sheet1!$A$2:$A$36,0)) -> 0 | AL16: =INDEX([4]Sheet1!W$2:W$36,MATCH($H16,[4]Sheet1!$A$2:$A$36,0)) -> 23.809524 | AM16: =INDEX([4]Sheet1!N$2:N$36,MATCH($H16,[4]Sheet1!$A$2:$A$36,0)) -> 4200 | AN16: =INDEX([4]Sheet1!O$2:O$36,MATCH($H16,[4]Sheet1!$A$2:$A$36,0))
A17: 1001 | B17: 14 | C17: ="{"&K17&","&ROUNDUP(M17,0)&"},"&"{"&L17&","&ROUNDUP(N17,0)&"}" -> {10124,40},{21001,91} | D17: 650000 | E17: 82 | F17: ="{1,"&INT(S17*P17)&"},{2,"&INT(Q17*P17)&"},"&IF(R17=0,"","{3,"&INT(R17*P17)&"},")&"{6,"&INT(T17*P17)&"}" -> {1,4375},{2,1542},{6,1189} | G17: =1 -> 1 | H17: 幻影坦克 | I17: {=INDEX([1]英雄界面!$I$4:$I$41,MATCH(A17,[1]英雄界面!$A$4:$A$41,0))} -> 50 | J17: =1 -> 1 | K17: =CHOOSE(J17,INDEX([2]勋章!$I$7:$I$24,MATCH($B17,[2]勋章!$G$7:$G$24,0)),INDEX([2]勋章!$M$7:$M$24,MATCH($B17,[2]勋章!$G$7:$G$24,0)),INDEX([2]勋章!$P$7:$P$24,MATCH($B17,[2]勋章!$G$7:$G$24,0)),INDEX([2]勋章!$S$7:$S$24,MATCH($B17,[2]勋章!$G$7:$G$24,0))) -> 10124 | L17: {=INDEX([2]图纸掉落!$H$4:$H$38,MATCH(H17,[2]图纸掉落!$G$4:$G$38,0))} -> 21001 | M17: 40 | N17: 91 | O17: =INDEX([1]英雄界面!$J$4:$J$41,MATCH(A17,[1]英雄界面!$A$4:$A$41,0))/2 -> 1.5 | P17: =P16 -> 1 | Q17: =INT(INDEX([1]等级属性!B$4:B$203,MATCH($AC17,[1]等级属性!$A$4:$A$203,0))*V17/10000) -> 1542 | R17: =INT(INDEX([1]等级属性!C$4:C$203,MATCH($AC17,[1]等级属性!$A$4:$A$203,0))*W17/10000) -> 0 | S17: =INT(INDEX([1]等级属性!D$4:D$203,MATCH($AC17,[1]等级属性!$A$4:$A$203,0))*X17/10000) -> 4375 | T17: =INT(INDEX([1]等级属性!E$4:E$203,MATCH($AC17,[1]等级属性!$A$4:$A$203,0))*Y17/10000) -> 1189 | V17: {=INDEX(单位特点规划!D$2:D$37,MATCH($A17,单位特点规划!$A$2:$A$37,0))} -> 16600 | W17: {=INDEX(单位特点规划!E$2:E$37,MATCH($A17,单位特点规划!$A$2:$A$37,0))} -> 0 | X17: {=INDEX(单位特点规划!F$2:F$37,MATCH($A17,单位特点规划!$A$2:$A$37,0))} -> 15700 | Y17: {=INDEX(单位特点规划!G$2:G$37,MATCH($A17,单位特点规划!$A$2:$A$37,0))} -> 18500 | AA17: =1.93 -> 1.93 | AB17: =INT(INDEX([3]进阶属性!$C$2:$C$19,MATCH(B17,[3]进阶属性!$A$2:$A$19,0))/2*AH17) -> 8991 | AC17: 85 | AD17: =INT((INDEX([3]标准单位!$J$2:$J$201,MATCH($AC17,[3]标准单位!$A$2:$A$201,0))*AE17)/(1-AE17)) -> 0 | AE17: =0 -> 0 | AF17: =AG17/AG17 -> 1 | AG17: =(Q17/AM17*1000+IF(AN17<>"",R17/AN17*1000,0)+S17/3+T17/5)/AH17 -> 1031.6381 | AH17: {=INDEX([4]Sheet1!H$2:H$36,MATCH($H17,[4]Sheet1!$A$2:$A$36,0))} -> 2 | AI17: =INDEX([4]Sheet1!T$2:T$36,MATCH($H17,[4]Sheet1!$A$2:$A$36,0)) -> 0 | AJ17: =INDEX([4]Sheet1!U$2:U$36,MATCH($H17,[4]Sheet1!$A$2:$A$36,0)) -> 8.4 | AK17: =INDEX([4]Sheet1!V$2:V$36,MATCH($H17,[4]Sheet1!$A$2:$A$36,0)) -> 0 | AL17: =INDEX([4]Sheet1!W$2:W$36,MATCH($H17,[4]Sheet1!$A$2:$A$36,0)) -> 23.809524 | AM17: =INDEX([4]Sheet1!N$2:N$36,MATCH($H17,[4]Sheet1!$A$2:$A$36,0)) -> 4200 | AN17: =INDEX([4]Sheet1!O$2:O$36,MATCH($H17,[4]Sheet1!$A$2:$A$36,0))
A18: 1001 | B18: 15 | C18: ="{"&K18&","&ROUNDUP(M18,0)&"},"&"{"&L18&","&ROUNDUP(N18,0)&"}" -> {10125,42},{21001,95} | D18: 700000 | E18: 87 | F18: ="{1,"&INT(S18*P18)&"},{2,"&INT(Q18*P18)&"},"&IF(R18=0,"","{3,"&INT(R18*P18)&"},")&"{6,"&INT(T18*P18)&"}" -> {1,4945},{2,1743},{6,1348} | G18: =1 -> 1 | H18: 幻影坦克 | I18: {=INDEX([1]英雄界面!$I$4:$I$41,MATCH(A18,[1]英雄界面!$A$4:$A$41,0))} -> 50 | J18: =1 -> 1 | K18: =CHOOSE(J18,INDEX([2]勋章!$I$7:$I$24,MATCH($B18,[2]勋章!$G$7:$G$24,0)),INDEX([2]勋章!$M$7:$M$24,MATCH($B18,[2]勋章!$G$7:$G$24,0)),INDEX([2]勋章!$P$7:$P$24,MATCH($B18,[2]勋章!$G$7:$G$24,0)),INDEX([2]勋章!$S$7:$S$24,MATCH($B18,[2]勋章!$G$7:$G$24,0))) -> 10125 | L18: {=INDEX([2]图纸掉落!$H$4:$H$38,MATCH(H18,[2]图纸掉落!$G$4:$G$38,0))} -> 21001 | M18: 42 | N18: 95 | O18: =INDEX([1]英雄界面!$J$4:$J$41,MATCH(A18,[1]英雄界面!$A$4:$A$41,0))/2 -> 1.5 | P18: =P17 -> 1 | Q18: =INT(INDEX([1]等级属性!B$4:B$203,MATCH($AC18,[1]等级属性!$A$4:$A$203,0))*V18/10000) -> 1743 | R18: =INT(INDEX([1]等级属性!C$4:C$203,MATCH($AC18,[1]等级属性!$A$4:$A$203,0))*W18/10000) -> 0 | S18: =INT(INDEX([1]等级属性!D$4:D$203,MATCH($AC18,[1]等级属性!$A$4:$A$203,0))*X18/10000) -> 4945 | T18: =INT(INDEX([1]等级属性!E$4:E$203,MATCH($AC18,[1]等级属性!$A$4:$A$203,0))*Y18/10000) -> 1348 | V18: {=INDEX(单位特点规划!D$2:D$37,MATCH($A18,单位特点规划!$A$2:$A$37,0))} -> 16600 | W18: {=INDEX(单位特点规划!E$2:E$37,MATCH($A18,单位特点规划!$A$2:$A$37,0))} -> 0 | X18: {=INDEX(单位特点规划!F$2:F$37,MATCH($A18,单位特点规划!$A$2:$A$37,0))} -> 15700 | Y18: {=INDEX(单位特点规划!G$2:G$37,MATCH($A18,单位特点规划!$A$2:$A$37,0))} -> 18500 | AA18: =1.93 -> 1.93 | AB18: =INT(INDEX([3]进阶属性!$C$2:$C$19,MATCH(B18,[3]进阶属性!$A$2:$A$19,0))/2*AH18) -> 11688 | AC18: 90 | AD18: =INT((INDEX([3]标准单位!$J$2:$J$201,MATCH($AC18,[3]标准单位!$A$2:$A$201,0))*AE18)/(1-AE18)) -> 0 | AE18: =0 -> 0 | AF18: =AG18/AG18 -> 1 | AG18: =(Q18/AM18*1000+IF(AN18<>"",R18/AN18*1000,0)+S18/3+T18/5)/AH18 -> 1166.4667 | AH18: {=INDEX([4]Sheet1!H$2:H$36,MATCH($H18,[4]Sheet1!$A$2:$A$36,0))} -> 2 | AI18: =INDEX([4]Sheet1!T$2:T$36,MATCH($H18,[4]Sheet1!$A$2:$A$36,0)) -> 0 | AJ18: =INDEX([4]Sheet1!U$2:U$36,MATCH($H18,[4]Sheet1!$A$2:$A$36,0)) -> 8.4 | AK18: =INDEX([4]Sheet1!V$2:V$36,MATCH($H18,[4]Sheet1!$A$2:$A$36,0)) -> 0 | AL18: =INDEX([4]Sheet1!W$2:W$36,MATCH($H18,[4]Sheet1!$A$2:$A$36,0)) -> 23.809524 | AM18: =INDEX([4]Sheet1!N$2:N$36,MATCH($H18,[4]Sheet1!$A$2:$A$36,0)) -> 4200 | AN18: =INDEX([4]Sheet1!O$2:O$36,MATCH($H18,[4]Sheet1!$A$2:$A$36,0))
A19: 1001 | B19: 16 | C19: ="{"&K19&","&ROUNDUP(M19,0)&"},"&"{"&L19&","&ROUNDUP(N19,0)&"}" -> {10126,45},{21001,101} | D19: 750000 | E19: 92 | F19: ="{1,"&INT(S19*P19)&"},{2,"&INT(Q19*P19)&"},"&IF(R19=0,"","{3,"&INT(R19*P19)&"},")&"{6,"&INT(T19*P19)&"}" -> {1,5684},{2,2003},{6,1548} | G19: =1 -> 1 | H19: 幻影坦克 | I19: {=INDEX([1]英雄界面!$I$4:$I$41,MATCH(A19,[1]英雄界面!$A$4:$A$41,0))} -> 50 | J19: =1 -> 1 | K19: =CHOOSE(J19,INDEX([2]勋章!$I$7:$I$24,MATCH($B19,[2]勋章!$G$7:$G$24,0)),INDEX([2]勋章!$M$7:$M$24,MATCH($B19,[2]勋章!$G$7:$G$24,0)),INDEX([2]勋章!$P$7:$P$24,MATCH($B19,[2]勋章!$G$7:$G$24,0)),INDEX([2]勋章!$S$7:$S$24,MATCH($B19,[2]勋章!$G$7:$G$24,0))) -> 10126 | L19: {=INDEX([2]图纸掉落!$H$4:$H$38,MATCH(H19,[2]图纸掉落!$G$4:$G$38,0))} -> 21001 | M19: 45 | N19: 101 | O19: =INDEX([1]英雄界面!$J$4:$J$41,MATCH(A19,[1]英雄界面!$A$4:$A$41,0))/2 -> 1.5 | P19: =P18 -> 1 | Q19: =INT(INDEX([1]等级属性!B$4:B$203,MATCH($AC19,[1]等级属性!$A$4:$A$203,0))*V19/10000) -> 2003 | R19: =INT(INDEX([1]等级属性!C$4:C$203,MATCH($AC19,[1]等级属性!$A$4:$A$203,0))*W19/10000) -> 0 | S19: =INT(INDEX([1]等级属性!D$4:D$203,MATCH($AC19,[1]等级属性!$A$4:$A$203,0))*X19/10000) -> 5684 | T19: =INT(INDEX([1]等级属性!E$4:E$203,MATCH($AC19,[1]等级属性!$A$4:$A$203,0))*Y19/10000) -> 1548 | V19: {=INDEX(单位特点规划!D$2:D$37,MATCH($A19,单位特点规划!$A$2:$A$37,0))} -> 16600 | W19: {=INDEX(单位特点规划!E$2:E$37,MATCH($A19,单位特点规划!$A$2:$A$37,0))} -> 0 | X19: {=INDEX(单位特点规划!F$2:F$37,MATCH($A19,单位特点规划!$A$2:$A$37,0))} -> 15700 | Y19: {=INDEX(单位特点规划!G$2:G$37,MATCH($A19,单位特点规划!$A$2:$A$37,0))} -> 18500 | AA19: =1.93 -> 1.93 | AB19: =INT(INDEX([3]进阶属性!$C$2:$C$19,MATCH(B19,[3]进阶属性!$A$2:$A$19,0))/2*AH19) -> 15192 | AC19: 95 | AD19: =INT((INDEX([3]标准单位!$J$2:$J$201,MATCH($AC19,[3]标准单位!$A$2:$A$201,0))*AE19)/(1-AE19)) -> 0 | AE19: =0 -> 0 | AF19: =AG19/AG19 -> 1 | AG19: =(Q19/AM19*1000+IF(AN19<>"",R19/AN19*1000,0)+S19/3+T19/5)/AH19 -> 1340.5857 | AH19: {=INDEX([4]Sheet1!H$2:H$36,MATCH($H19,[4]Sheet1!$A$2:$A$36,0))} -> 2 | AI19: =INDEX([4]Sheet1!T$2:T$36,MATCH($H19,[4]Sheet1!$A$2:$A$36,0)) -> 0 | AJ19: =INDEX([4]Sheet1!U$2:U$36,MATCH($H19,[4]Sheet1!$A$2:$A$36,0)) -> 8.4 | AK19: =INDEX([4]Sheet1!V$2:V$36,MATCH($H19,[4]Sheet1!$A$2:$A$36,0)) -> 0 | AL19: =INDEX([4]Sheet1!W$2:W$36,MATCH($H19,[4]Sheet1!$A$2:$A$36,0)) -> 23.809524 | AM19: =INDEX([4]Sheet1!N$2:N$36,MATCH($H19,[4]Sheet1!$A$2:$A$36,0)) -> 4200 | AN19: =INDEX([4]Sheet1!O$2:O$36,MATCH($H19,[4]Sheet1!$A$2:$A$36,0))
A20: 1001 | B20: 17 | C20: ="{"&K20&","&ROUNDUP(M20,0)&"},"&"{"&L20&","&ROUNDUP(N20,0)&"}" -> {10127,47},{21001,105} | D20: 800000 | E20: 97 | F20: ="{1,"&INT(S20*P20)&"},{2,"&INT(Q20*P20)&"},"&IF(R20=0,"","{3,"&INT(R20*P20)&"},")&"{6,"&INT(T20*P20)&"}" -> {1,6429},{2,2265},{6,1751} | G20: =1 -> 1 | H20: 幻影坦克 | I20: {=INDEX([1]英雄界面!$I$4:$I$41,MATCH(A20,[1]英雄界面!$A$4:$A$41,0))} -> 50 | J20: =1 -> 1 | K20: =CHOOSE(J20,INDEX([2]勋章!$I$7:$I$24,MATCH($B20,[2]勋章!$G$7:$G$24,0)),INDEX([2]勋章!$M$7:$M$24,MATCH($B20,[2]勋章!$G$7:$G$24,0)),INDEX([2]勋章!$P$7:$P$24,MATCH($B20,[2]勋章!$G$7:$G$24,0)),INDEX([2]勋章!$S$7:$S$24,MATCH($B20,[2]勋章!$G$7:$G$24,0))) -> 10127 | L20: {=INDEX([2]图纸掉落!$H$4:$H$38,MATCH(H20,[2]图纸掉落!$G$4:$G$38,0))} -> 21001 | M20: 47 | N20: 105 | O20: =INDEX([1]英雄界面!$J$4:$J$41,MATCH(A20,[1]英雄界面!$A$4:$A$41,0))/2 -> 1.5 | P20: =P19 -> 1 | Q20: =INT(INDEX([1]等级属性!B$4:B$203,MATCH($AC20,[1]等级属性!$A$4:$A$203,0))*V20/10000) -> 2265 | R20: =INT(INDEX([1]等级属性!C$4:C$203,MATCH($AC20,[1]等级属性!$A$4:$A$203,0))*W20/10000) -> 0 | S20: =INT(INDEX([1]等级属性!D$4:D$203,MATCH($AC20,[1]等级属性!$A$4:$A$203,0))*X20/10000) -> 6429 | T20: =INT(INDEX([1]等级属性!E$4:E$203,MATCH($AC20,[1]等级属性!$A$4:$A$203,0))*Y20/10000) -> 1751 | V20: {=INDEX(单位特点规划!D$2:D$37,MATCH($A20,单位特点规划!$A$2:$A$37,0))} -> 16600 | W20: {=INDEX(单位特点规划!E$2:E$37,MATCH($A20,单位特点规划!$A$2:$A$37,0))} -> 0 | X20: {=INDEX(单位特点规划!F$2:F$37,MATCH($A20,单位特点规划!$A$2:$A$37,0))} -> 15700 | Y20: {=INDEX(单位特点规划!G$2:G$37,MATCH($A20,单位特点规划!$A$2:$A$37,0))} -> 18500 | AA20: =1.93 -> 1.93 | AB20: =INT(INDEX([3]进阶属性!$C$2:$C$19,MATCH(B20,[3]进阶属性!$A$2:$A$19,0))/2*AH20) -> 19749 | AC20: 100 | AD20: =INT((INDEX([3]标准单位!$J$2:$J$201,MATCH($AC20,[3]标准单位!$A$2:$A$201,0))*AE20)/(1-AE20)) -> 0 | AE20: =0 -> 0 | AF20: =AG20/AG20 -> 1 | AG20: =(Q20/AM20*1000+IF(AN20<>"",R20/AN20*1000,0)+S20/3+T20/5)/AH20 -> 1516.2429 | AH20: {=INDEX([4]Sheet1!H$2:H$36,MATCH($H20,[4]Sheet1!$A$2:$A$36,0))} -> 2 | AI20: =INDEX([4]Sheet1!T$2:T$36,MATCH($H20,[4]Sheet1!$A$2:$A$36,0)) -> 0 | AJ20: =INDEX([4]Sheet1!U$2:U$36,MATCH($H20,[4]Sheet1!$A$2:$A$36,0)) -> 8.4 | AK20: =INDEX([4]Sheet1!V$2:V$36,MATCH($H20,[4]Sheet1!$A$2:$A$36,0)) -> 0 | AL20: =INDEX([4]Sheet1!W$2:W$36,MATCH($H20,[4]Sheet1!$A$2:$A$36,0)) -> 23.809524 | AM20: =INDEX([4]Sheet1!N$2:N$36,MATCH($H20,[4]Sheet1!$A$2:$A$36,0)) -> 4200 | AN20: =INDEX([4]Sheet1!O$2:O$36,MATCH($H20,[4]Sheet1!$A$2:$A$36,0))
A21: 1001 | B21: 18 | C21: ="{"&K21&","&ROUNDUP(M21,0)&"},"&"{"&L21&","&ROUNDUP(N21,0)&"}" -> {10128,50},{21001,112} | D21: 800000 | E21: 102 | F21: ="{1,"&INT(S21*P21)&"},{2,"&INT(Q21*P21)&"},"&IF(R21=0,"","{3,"&INT(R21*P21)&"},")&"{6,"&INT(T21*P21)&"}" -> {1,7389},{2,2604},{6,2014} | G21: =1 -> 1 | H21: 幻影坦克 | I21: {=INDEX([1]英雄界面!$I$4:$I$41,MATCH(A21,[1]英雄界面!$A$4:$A$41,0))} -> 50 | J21: =1 -> 1 | K21: =CHOOSE(J21,INDEX([2]勋章!$I$7:$I$24,MATCH($B21,[2]勋章!$G$7:$G$24,0)),INDEX([2]勋章!$M$7:$M$24,MATCH($B21,[2]勋章!$G$7:$G$24,0)),INDEX([2]勋章!$P$7:$P$24,MATCH($B21,[2]勋章!$G$7:$G$24,0)),INDEX([2]勋章!$S$7:$S$24,MATCH($B21,[2]勋章!$G$7:$G$24,0))) -> 10128 | L21: {=INDEX([2]图纸掉落!$H$4:$H$38,MATCH(H21,[2]图纸掉落!$G$4:$G$38,0))} -> 21001 | M21: 50 | N21: 112 | O21: =INDEX([1]英雄界面!$J$4:$J$41,MATCH(A21,[1]英雄界面!$A$4:$A$41,0))/2 -> 1.5 | P21: =P20 -> 1 | Q21: =INT(INDEX([1]等级属性!B$4:B$203,MATCH($AC21,[1]等级属性!$A$4:$A$203,0))*V21/10000) -> 2604 | R21: =INT(INDEX([1]等级属性!C$4:C$203,MATCH($AC21,[1]等级属性!$A$4:$A$203,0))*W21/10000) -> 0 | S21: =INT(INDEX([1]等级属性!D$4:D$203,MATCH($AC21,[1]等级属性!$A$4:$A$203,0))*X21/10000) -> 7389 | T21: =INT(INDEX([1]等级属性!E$4:E$203,MATCH($AC21,[1]等级属性!$A$4:$A$203,0))*Y21/10000) -> 2014 | V21: {=INDEX(单位特点规划!D$2:D$37,MATCH($A21,单位特点规划!$A$2:$A$37,0))} -> 16600 | W21: {=INDEX(单位特点规划!E$2:E$37,MATCH($A21,单位特点规划!$A$2:$A$37,0))} -> 0 | X21: {=INDEX(单位特点规划!F$2:F$37,MATCH($A21,单位特点规划!$A$2:$A$37,0))} -> 15700 | Y21: {=INDEX(单位特点规划!G$2:G$37,MATCH($A21,单位特点规划!$A$2:$A$37,0))} -> 18500 | AA21: =1.93 -> 1.93 | AB21: =INT(INDEX([3]进阶属性!$C$2:$C$19,MATCH(B21,[3]进阶属性!$A$2:$A$19,0))/2*AH21) -> 25671 | AC21: 105 | AD21: =INT((INDEX([3]标准单位!$J$2:$J$201,MATCH($AC21,[3]标准单位!$A$2:$A$201,0))*AE21)/(1-AE21)) -> 0 | AE21: =0 -> 0 | AF21: =AG21/AG21 -> 1 | AG21: =(Q21/AM21*1000+IF(AN21<>"",R21/AN21*1000,0)+S21/3+T21/5)/AH21 -> 1742.9 | AH21: {=INDEX([4]Sheet1!H$2:H$36,MATCH($H21,[4]Sheet1!$A$2:$A$36,0))} -> 2 | AI21: =INDEX([4]Sheet1!T$2:T$36,MATCH($H21,[4]Sheet1!$A$2:$A$36,0)) -> 0 | AJ21: =INDEX([4]Sheet1!U$2:U$36,MATCH($H21,[4]Sheet1!$A$2:$A$36,0)) -> 8.4 | AK21: =INDEX([4]Sheet1!V$2:V$36,MATCH($H21,[4]Sheet1!$A$2:$A$36,0)) -> 0 | AL21: =INDEX([4]Sheet1!W$2:W$36,MATCH($H21,[4]Sheet1!$A$2:$A$36,0)) -> 23.809524 | AM21: =INDEX([4]Sheet1!N$2:N$36,MATCH($H21,[4]Sheet1!$A$2:$A$36,0)) -> 4200 | AN21: =INDEX([4]Sheet1!O$2:O$36,MATCH($H21,[4]Sheet1!$A$2:$A$36,0))
A22: 1002 | B22: 1 | C22: ="{"&K22&","&ROUNDUP(M22,0)&"},"&"{"&L22&","&ROUNDUP(N22,0)&"}" -> {10111,1},{21002,2} | D22: 1000 | E22: 14 | F22: ="{1,"&INT(S22*P22)&"},{2,"&INT(Q22*P22)&"},"&IF(R22=0,"","{3,"&INT(R22*P22)&"},")&"{6,"&INT(T22*P22)&"}" -> {1,1764},{2,313},{3,155},{6,182} | G22: =1 -> 1 | H22: 天启坦克 | I22: {=INDEX([1]英雄界面!$I$4:$I$41,MATCH(A22,[1]英雄界面!$A$4:$A$41,0))} -> 1 | J22: =1 -> 1 | K22: =CHOOSE(J22,INDEX([2]勋章!$I$7:$I$24,MATCH($B22,[2]勋章!$G$7:$G$24,0)),INDEX([2]勋章!$M$7:$M$24,MATCH($B22,[2]勋章!$G$7:$G$24,0)),INDEX([2]勋章!$P$7:$P$24,MATCH($B22,[2]勋章!$G$7:$G$24,0)),INDEX([2]勋章!$S$7:$S$24,MATCH($B22,[2]勋章!$G$7:$G$24,0))) -> 10111 | L22: {=INDEX([2]图纸掉落!$H$4:$H$38,MATCH(H22,[2]图纸掉落!$G$4:$G$38,0))} -> 21002 | M22: =M4 -> 1 | N22: =N4 -> 2 | O22: =INDEX([1]英雄界面!$J$4:$J$41,MATCH(A22,[1]英雄界面!$A$4:$A$41,0))/2 -> 2.5 | P22: =P4 -> 1.6 | Q22: =INT(INDEX([1]等级属性!B$4:B$203,MATCH($AC22,[1]等级属性!$A$4:$A$203,0))*V22/10000) -> 196 | R22: =INT(INDEX([1]等级属性!C$4:C$203,MATCH($AC22,[1]等级属性!$A$4:$A$203,0))*W22/10000) -> 97 | S22: =INT(INDEX([1]等级属性!D$4:D$203,MATCH($AC22,[1]等级属性!$A$4:$A$203,0))*X22/10000) -> 1103 | T22: =INT(INDEX([1]等级属性!E$4:E$203,MATCH($AC22,[1]等级属性!$A$4:$A$203,0))*Y22/10000) -> 114 | V22: {=INDEX(单位特点规划!D$2:D$37,MATCH($A22,单位特点规划!$A$2:$A$37,0))} -> 15100 | W22: {=INDEX(单位特点规划!E$2:E$37,MATCH($A22,单位特点规划!$A$2:$A$37,0))} -> 7500 | X22: {=INDEX(单位特点规划!F$2:F$37,MATCH($A22,单位特点规划!$A$2:$A$37,0))} -> 28300 | Y22: {=INDEX(单位特点规划!G$2:G$37,MATCH($A22,单位特点规划!$A$2:$A$37,0))} -> 12900 | AA22: =1 -> 1 | AB22: =INT(INDEX([3]进阶属性!$C$2:$C$19,MATCH(B22,[3]进阶属性!$A$2:$A$19,0))/2*AH22) -> 750 | AC22: =AC4 -> 10 | AD22: =INT((INDEX([3]标准单位!$J$2:$J$201,MATCH($AC22,[3]标准单位!$A$2:$A$201,0))*AE22)/(1-AE22)) -> 0 | AE22: =0 -> 0 | AF22: =AG22/AG$4 -> 0.65488539 | AG22: =(Q22/AM22*1000+IF(AN22<>"",R22/AN22*1000,0)+S22/3+T22/5)/AH22 -> 94.300377 | AH22: =INDEX([4]Sheet1!H$2:H$36,MATCH($H22,[4]Sheet1!$A$2:$A$36,0)) -> 5 | AI22: =INDEX([4]Sheet1!T$2:T$36,MATCH($H22,[4]Sheet1!$A$2:$A$36,0)) -> 10000,9000,8000,7000,3500,3500,7500,4000,2000,8000,10000 | AJ22: =INDEX([4]Sheet1!U$2:U$36,MATCH($H22,[4]Sheet1!$A$2:$A$36,0)) -> 25.44 | AK22: =INDEX([4]Sheet1!V$2:V$36,MATCH($H22,[4]Sheet1!$A$2:$A$36,0)) -> 0.0125 | AL22: =INDEX([4]Sheet1!W$2:W$36,MATCH($H22,[4]Sheet1!$A$2:$A$36,0)) -> 31.446541 | AM22: =INDEX([4]Sheet1!N$2:N$36,MATCH($H22,[4]Sheet1!$A$2:$A$36,0)) -> 3180 | AN22: =INDEX([4]Sheet1!O$2:O$36,MATCH($H22,[4]Sheet1!$A$2:$A$36,0)) -> 5000
A23: 1002 | B23: 2 | C23: ="{"&K23&","&ROUNDUP(M23,0)&"},"&"{"&L23&","&ROUNDUP(N23,0)&"}" -> {10112,5},{21002,5} | D23: 5000 | E23: 19 | F23: ="{1,"&INT(S23*P23)&"},{2,"&INT(Q23*P23)&"},"&IF(R23=0,"","{3,"&INT(R23*P23)&"},")&"{6,"&INT(T23*P23)&"}" -> {1,2151},{2,382},{3,189},{6,223} | G23: =1 -> 1 | H23: 天启坦克 | I23: {=INDEX([1]英雄界面!$I$4:$I$41,MATCH(A23,[1]英雄界面!$A$4:$A$41,0))} -> 1 | J23: =1 -> 1 | K23: =CHOOSE(J23,INDEX([2]勋章!$I$7:$I$24,MATCH($B23,[2]勋章!$G$7:$G$24,0)),INDEX([2]勋章!$M$7:$M$24,MATCH($B23,[2]勋章!$G$7:$G$24,0)),INDEX([2]勋章!$P$7:$P$24,MATCH($B23,[2]勋章!$G$7:$G$24,0)),INDEX([2]勋章!$S$7:$S$24,MATCH($B23,[2]勋章!$G$7:$G$24,0))) -> 10112 | L23: {=INDEX([2]图纸掉落!$H$4:$H$38,MATCH(H23,[2]图纸掉落!$G$4:$G$38,0))} -> 21002 | M23: =M5 -> 5 | N23: =N5 -> 5 | O23: =INDEX([1]英雄界面!$J$4:$J$41,MATCH(A23,[1]英雄界面!$A$4:$A$41,0))/2 -> 2.5 | P23: =P5 -> 1.5 | Q23: =INT(INDEX([1]等级属性!B$4:B$203,MATCH($AC23,[1]等级属性!$A$4:$A$203,0))*V23/10000) -> 255 | R23: =INT(INDEX([1]等级属性!C$4:C$203,MATCH($AC23,[1]等级属性!$A$4:$A$203,0))*W23/10000) -> 126 | S23: =INT(INDEX([1]等级属性!D$4:D$203,MATCH($AC23,[1]等级属性!$A$4:$A$203,0))*X23/10000) -> 1434 | T23: =INT(INDEX([1]等级属性!E$4:E$203,MATCH($AC23,[1]等级属性!$A$4:$A$203,0))*Y23/10000) -> 149 | V23: {=INDEX(单位特点规划!D$2:D$37,MATCH($A23,单位特点规划!$A$2:$A$37,0))} -> 15100 | W23: {=INDEX(单位特点规划!E$2:E$37,MATCH($A23,单位特点规划!$A$2:$A$37,0))} -> 7500 | X23: {=INDEX(单位特点规划!F$2:F$37,MATCH($A23,单位特点规划!$A$2:$A$37,0))} -> 28300 | Y23: {=INDEX(单位特点规划!G$2:G$37,MATCH($A23,单位特点规划!$A$2:$A$37,0))} -> 12900 | AA23: =1 -> 1 | AB23: =INT(INDEX([3]进阶属性!$C$2:$C$19,MATCH(B23,[3]进阶属性!$A$2:$A$19,0))/2*AH23) -> 975 | AC23: =AC5 -> 20 | AD23: =INT((INDEX([3]标准单位!$J$2:$J$201,MATCH($AC23,[3]标准单位!$A$2:$A$201,0))*AE23)/(1-AE23)) -> 0 | AE23: =0 -> 0 | AF23: =AG23/AG$5 -> 0.65499948 | AG23: =(Q23/AM23*1000+IF(AN23<>"",R23/AN23*1000,0)+S23/3+T23/5)/AH23 -> 122.63774 | AH23: {=INDEX([4]Sheet1!H$2:H$36,MATCH($H23,[4]Sheet1!$A$2:$A$36,0))} -> 5 | AI23: =INDEX([4]Sheet1!T$2:T$36,MATCH($H23,[4]Sheet1!$A$2:$A$36,0)) -> 10000,9000,8000,7000,3500,3500,7500,4000,2000,8000,10000 | AJ23: =INDEX([4]Sheet1!U$2:U$36,MATCH($H23,[4]Sheet1!$A$2:$A$36,0)) -> 25.44 | AK23: =INDEX([4]Sheet1!V$2:V$36,MATCH($H23,[4]Sheet1!$A$2:$A$36,0)) -> 0.0125 | AL23: =INDEX([4]Sheet1!W$2:W$36,MATCH($H23,[4]Sheet1!$A$2:$A$36,0)) -> 31.446541 | AM23: =INDEX([4]Sheet1!N$2:N$36,MATCH($H23,[4]Sheet1!$A$2:$A$36,0)) -> 3180 | AN23: =INDEX([4]Sheet1!O$2:O$36,MATCH($H23,[4]Sheet1!$A$2:$A$36,0)) -> 5000
A24: 1002 | B24: 3 | C24: ="{"&K24&","&ROUNDUP(M24,0)&"},"&"{"&L24&","&ROUNDUP(N24,0)&"}" -> {10113,7},{21002,8} | D24: 10000 | E24: 26 | F24: ="{1,"&INT(S24*P24)&"},{2,"&INT(Q24*P24)&"},"&IF(R24=0,"","{3,"&INT(R24*P24)&"},")&"{6,"&INT(T24*P24)&"}" -> {1,2602},{2,462},{3,229},{6,274} | G24: =1 -> 1 | H24: 天启坦克 | I24: {=INDEX([1]英雄界面!$I$4:$I$41,MATCH(A24,[1]英雄界面!$A$4:$A$41,0))} -> 1 | J24: =1 -> 1 | K24: =CHOOSE(J24,INDEX([2]勋章!$I$7:$I$24,MATCH($B24,[2]勋章!$G$7:$G$24,0)),INDEX([2]勋章!$M$7:$M$24,MATCH($B24,[2]勋章!$G$7:$G$24,0)),INDEX([2]勋章!$P$7:$P$24,MATCH($B24,[2]勋章!$G$7:$G$24,0)),INDEX([2]勋章!$S$7:$S$24,MATCH($B24,[2]勋章!$G$7:$G$24,0))) -> 10113 | L24: {=INDEX([2]图纸掉落!$H$4:$H$38,MATCH(H24,[2]图纸掉落!$G$4:$G$38,0))} -> 21002 | M24: =M6 -> 7 | N24: =N6 -> 8 | O24: =INDEX([1]英雄界面!$J$4:$J$41,MATCH(A24,[1]英雄界面!$A$4:$A$41,0))/2 -> 2.5 | P24: =P6 -> 1.4 | Q24: =INT(INDEX([1]等级属性!B$4:B$203,MATCH($AC24,[1]等级属性!$A$4:$A$203,0))*V24/10000) -> 330 | R24: =INT(INDEX([1]等级属性!C$4:C$203,MATCH($AC24,[1]等级属性!$A$4:$A$203,0))*W24/10000) -> 164 | S24: =INT(INDEX([1]等级属性!D$4:D$203,MATCH($AC24,[1]等级属性!$A$4:$A$203,0))*X24/10000) -> 1859 | T24: =INT(INDEX([1]等级属性!E$4:E$203,MATCH($AC24,[1]等级属性!$A$4:$A$203,0))*Y24/10000) -> 196 | V24: {=INDEX(单位特点规划!D$2:D$37,MATCH($A24,单位特点规划!$A$2:$A$37,0))} -> 15100 | W24: {=INDEX(单位特点规划!E$2:E$37,MATCH($A24,单位特点规划!$A$2:$A$37,0))} -> 7500 | X24: {=INDEX(单位特点规划!F$2:F$37,MATCH($A24,单位特点规划!$A$2:$A$37,0))} -> 28300 | Y24: {=INDEX(单位特点规划!G$2:G$37,MATCH($A24,单位特点规划!$A$2:$A$37,0))} -> 12900 | AA24: =1 -> 1 | AB24: =INT(INDEX([3]进阶属性!$C$2:$C$19,MATCH(B24,[3]进阶属性!$A$2:$A$19,0))/2*AH24) -> 1267 | AC24: =AC6 -> 30 | AD24: =INT((INDEX([3]标准单位!$J$2:$J$201,MATCH($AC24,[3]标准单位!$A$2:$A$201,0))*AE24)/(1-AE24)) -> 0 | AE24: =0 -> 0 | AF24: =AG24/AG$6 -> 0.65428587 | AG24: =(Q24/AM24*1000+IF(AN24<>"",R24/AN24*1000,0)+S24/3+T24/5)/AH24 -> 159.08805 | AH24: {=INDEX([4]Sheet1!H$2:H$36,MATCH($H24,[4]Sheet1!$A$2:$A$36,0))} -> 5 | AI24: =INDEX([4]Sheet1!T$2:T$36,MATCH($H24,[4]Sheet1!$A$2:$A$36,0)) -> 10000,9000,8000,7000,3500,3500,7500,4000,2000,8000,10000 | AJ24: =INDEX([4]Sheet1!U$2:U$36,MATCH($H24,[4]Sheet1!$A$2:$A$36,0)) -> 25.44 | AK24: =INDEX([4]Sheet1!V$2:V$36,MATCH($H24,[4]Sheet1!$A$2:$A$36,0)) -> 0.0125 | AL24: =INDEX([4]Sheet1!W$2:W$36,MATCH($H24,[4]Sheet1!$A$2:$A$36,0)) -> 31.446541 | AM24: =INDEX([4]Sheet1!N$2:N$36,MATCH($H24,[4]Sheet1!$A$2:$A$36,0)) -> 3180 | AN24: =INDEX([4]Sheet1!O$2:O$36,MATCH($H24,[4]Sheet1!$A$2:$A$36,0)) -> 5000
A25: 1002 | B25: 4 | C25: ="{"&K25&","&ROUNDUP(M25,0)&"},"&"{"&L25&","&ROUNDUP(N25,0)&"}" -> {10114,10},{21002,12} | D25: 80000 | E25: 31 | F25: ="{1,"&INT(S25*P25)&"},{2,"&INT(Q25*P25)&"},"&IF(R25=0,"","{3,"&INT(R25*P25)&"},")&"{6,"&INT(T25*P25)&"}" -> {1,2769},{2,492},{3,244},{6,287} | G25: =1 -> 1 | H25: 天启坦克 | I25: {=INDEX([1]英雄界面!$I$4:$I$41,MATCH(A25,[1]英雄界面!$A$4:$A$41,0))} -> 1 | J25: =1 -> 1 | K25: =CHOOSE(J25,INDEX([2]勋章!$I$7:$I$24,MATCH($B25,[2]勋章!$G$7:$G$24,0)),INDEX([2]勋章!$M$7:$M$24,MATCH($B25,[2]勋章!$G$7:$G$24,0)),INDEX([2]勋章!$P$7:$P$24,MATCH($B25,[2]勋章!$G$7:$G$24,0)),INDEX([2]勋章!$S$7:$S$24,MATCH($B25,[2]勋章!$G$7:$G$24,0))) -> 10114 | L25: {=INDEX([2]图纸掉落!$H$4:$H$38,MATCH(H25,[2]图纸掉落!$G$4:$G$38,0))} -> 21002 | M25: =M7 -> 10 | N25: =N7 -> 12 | O25: =INDEX([1]英雄界面!$J$4:$J$41,MATCH(A25,[1]英雄界面!$A$4:$A$41,0))/2 -> 2.5 | P25: =P7 -> 1.3 | Q25: =INT(INDEX([1]等级属性!B$4:B$203,MATCH($AC25,[1]等级属性!$A$4:$A$203,0))*V25/10000) -> 379 | R25: =INT(INDEX([1]等级属性!C$4:C$203,MATCH($AC25,[1]等级属性!$A$4:$A$203,0))*W25/10000) -> 188 | S25: =INT(INDEX([1]等级属性!D$4:D$203,MATCH($AC25,[1]等级属性!$A$4:$A$203,0))*X25/10000) -> 2130 | T25: =INT(INDEX([1]等级属性!E$4:E$203,MATCH($AC25,[1]等级属性!$A$4:$A$203,0))*Y25/10000) -> 221 | V25: {=INDEX(单位特点规划!D$2:D$37,MATCH($A25,单位特点规划!$A$2:$A$37,0))} -> 15100 | W25: {=INDEX(单位特点规划!E$2:E$37,MATCH($A25,单位特点规划!$A$2:$A$37,0))} -> 7500 | X25: {=INDEX(单位特点规划!F$2:F$37,MATCH($A25,单位特点规划!$A$2:$A$37,0))} -> 28300 | Y25: {=INDEX(单位特点规划!G$2:G$37,MATCH($A25,单位特点规划!$A$2:$A$37,0))} -> 12900 | AA25: =1 -> 1 | AB25: =INT(INDEX([3]进阶属性!$C$2:$C$19,MATCH(B25,[3]进阶属性!$A$2:$A$19,0))/2*AH25) -> 1642 | AC25: =AC7 -> 35 | AD25: =INT((INDEX([3]标准单位!$J$2:$J$201,MATCH($AC25,[3]标准单位!$A$2:$A$201,0))*AE25)/(1-AE25)) -> 0 | AE25: =0 -> 0 | AF25: =AG25/AG$7 -> 0.65462052 | AG25: =(Q25/AM25*1000+IF(AN25<>"",R25/AN25*1000,0)+S25/3+T25/5)/AH25 -> 182.19648 | AH25: {=INDEX([4]Sheet1!H$2:H$36,MATCH($H25,[4]Sheet1!$A$2:$A$36,0))} -> 5 | AI25: =INDEX([4]Sheet1!T$2:T$36,MATCH($H25,[4]Sheet1!$A$2:$A$36,0)) -> 10000,9000,8000,7000,3500,3500,7500,4000,2000,8000,10000 | AJ25: =INDEX([4]Sheet1!U$2:U$36,MATCH($H25,[4]Sheet1!$A$2:$A$36,0)) -> 25.44 | AK25: =INDEX([4]Sheet1!V$2:V$36,MATCH($H25,[4]Sheet1!$A$2:$A$36,0)) -> 0.0125 | AL25: =INDEX([4]Sheet1!W$2:W$36,MATCH($H25,[4]Sheet1!$A$2:$A$36,0)) -> 31.446541 | AM25: =INDEX([4]Sheet1!N$2:N$36,MATCH($H25,[4]Sheet1!$A$2:$A$36,0)) -> 3180 | AN25: =INDEX([4]Sheet1!O$2:O$36,MATCH($H25,[4]Sheet1!$A$2:$A$36,0)) -> 5000
A26: 1002 | B26: 5 | C26: ="{"&K26&","&ROUNDUP(M26,0)&"},"&"{"&L26&","&ROUNDUP(N26,0)&"}" -> {10115,15},{21002,15} | D26: 150000 | E26: 37 | F26: ="{1,"&INT(S26*P26)&"},{2,"&INT(Q26*P26)&"},"&IF(R26=0,"","{3,"&INT(R26*P26)&"},")&"{6,"&INT(T26*P26)&"}" -> {1,2893},{2,513},{3,255},{6,301} | G26: =1 -> 1 | H26: 天启坦克 | I26: {=INDEX([1]英雄界面!$I$4:$I$41,MATCH(A26,[1]英雄界面!$A$4:$A$41,0))} -> 1 | J26: =1 -> 1 | K26: =CHOOSE(J26,INDEX([2]勋章!$I$7:$I$24,MATCH($B26,[2]勋章!$G$7:$G$24,0)),INDEX([2]勋章!$M$7:$M$24,MATCH($B26,[2]勋章!$G$7:$G$24,0)),INDEX([2]勋章!$P$7:$P$24,MATCH($B26,[2]勋章!$G$7:$G$24,0)),INDEX([2]勋章!$S$7:$S$24,MATCH($B26,[2]勋章!$G$7:$G$24,0))) -> 10115 | L26: {=INDEX([2]图纸掉落!$H$4:$H$38,MATCH(H26,[2]图纸掉落!$G$4:$G$38,0))} -> 21002 | M26: =M8 -> 15 | N26: =N8 -> 15 | O26: =INDEX([1]英雄界面!$J$4:$J$41,MATCH(A26,[1]英雄界面!$A$4:$A$41,0))/2 -> 2.5 | P26: =P8 -> 1.2 | Q26: =INT(INDEX([1]等级属性!B$4:B$203,MATCH($AC26,[1]等级属性!$A$4:$A$203,0))*V26/10000) -> 428 | R26: =INT(INDEX([1]等级属性!C$4:C$203,MATCH($AC26,[1]等级属性!$A$4:$A$203,0))*W26/10000) -> 213 | S26: =INT(INDEX([1]等级属性!D$4:D$203,MATCH($AC26,[1]等级属性!$A$4:$A$203,0))*X26/10000) -> 2411 | T26: =INT(INDEX([1]等级属性!E$4:E$203,MATCH($AC26,[1]等级属性!$A$4:$A$203,0))*Y26/10000) -> 251 | V26: {=INDEX(单位特点规划!D$2:D$37,MATCH($A26,单位特点规划!$A$2:$A$37,0))} -> 15100 | W26: {=INDEX(单位特点规划!E$2:E$37,MATCH($A26,单位特点规划!$A$2:$A$37,0))} -> 7500 | X26: {=INDEX(单位特点规划!F$2:F$37,MATCH($A26,单位特点规划!$A$2:$A$37,0))} -> 28300 | Y26: {=INDEX(单位特点规划!G$2:G$37,MATCH($A26,单位特点规划!$A$2:$A$37,0))} -> 12900 | AA26: =1 -> 1 | AB26: =INT(INDEX([3]进阶属性!$C$2:$C$19,MATCH(B26,[3]进阶属性!$A$2:$A$19,0))/2*AH26) -> 2130 | AC26: =AC8 -> 40 | AD26: =INT((INDEX([3]标准单位!$J$2:$J$201,MATCH($AC26,[3]标准单位!$A$2:$A$201,0))*AE26)/(1-AE26)) -> 0 | AE26: =0 -> 0 | AF26: =AG26/AG$8 -> 0.6548379 | AG26: =(Q26/AM26*1000+IF(AN26<>"",R26/AN26*1000,0)+S26/3+T26/5)/AH26 -> 206.21157 | AH26: {=INDEX([4]Sheet1!H$2:H$36,MATCH($H26,[4]Sheet1!$A$2:$A$36,0))} -> 5 | AI26: =INDEX([4]Sheet1!T$2:T$36,MATCH($H26,[4]Sheet1!$A$2:$A$36,0)) -> 10000,9000,8000,7000,3500,3500,7500,4000,2000,8000,10000 | AJ26: =INDEX([4]Sheet1!U$2:U$36,MATCH($H26,[4]Sheet1!$A$2:$A$36,0)) -> 25.44 | AK26: =INDEX([4]Sheet1!V$2:V$36,MATCH($H26,[4]Sheet1!$A$2:$A$36,0)) -> 0.0125 | AL26: =INDEX([4]Sheet1!W$2:W$36,MATCH($H26,[4]Sheet1!$A$2:$A$36,0)) -> 31.446541 | AM26: =INDEX([4]Sheet1!N$2:N$36,MATCH($H26,[4]Sheet1!$A$2:$A$36,0)) -> 3180 | AN26: =INDEX([4]Sheet1!O$2:O$36,MATCH($H26,[4]Sheet1!$A$2:$A$36,0)) -> 5000
A27: 1002 | B27: 6 | C27: ="{"&K27&","&ROUNDUP(M27,0)&"},"&"{"&L27&","&ROUNDUP(N27,0)&"}" -> {10116,20},{21002,16} | D27: 250000 | E27: 42 | F27: ="{1,"&INT(S27*P27)&"},{2,"&INT(Q27*P27)&"},"&IF(R27=0,"","{3,"&INT(R27*P27)&"},")&"{6,"&INT(T27*P27)&"}" -> {1,3043},{2,541},{3,268},{6,319} | G27: =1 -> 1 | H27: 天启坦克 | I27: {=INDEX([1]英雄界面!$I$4:$I$41,MATCH(A27,[1]英雄界面!$A$4:$A$41,0))} -> 1 | J27: =1 -> 1 | K27: =CHOOSE(J27,INDEX([2]勋章!$I$7:$I$24,MATCH($B27,[2]勋章!$G$7:$G$24,0)),INDEX([2]勋章!$M$7:$M$24,MATCH($B27,[2]勋章!$G$7:$G$24,0)),INDEX([2]勋章!$P$7:$P$24,MATCH($B27,[2]勋章!$G$7:$G$24,0)),INDEX([2]勋章!$S$7:$S$24,MATCH($B27,[2]勋章!$G$7:$G$24,0))) -> 10116 | L27: {=INDEX([2]图纸掉落!$H$4:$H$38,MATCH(H27,[2]图纸掉落!$G$4:$G$38,0))} -> 21002 | M27: =M9 -> 20 | N27: =N9 -> 16 | O27: =INDEX([1]英雄界面!$J$4:$J$41,MATCH(A27,[1]英雄界面!$A$4:$A$41,0))/2 -> 2.5 | P27: =P9 -> 1.1 | Q27: =INT(INDEX([1]等级属性!B$4:B$203,MATCH($AC27,[1]等级属性!$A$4:$A$203,0))*V27/10000) -> 492 | R27: =INT(INDEX([1]等级属性!C$4:C$203,MATCH($AC27,[1]等级属性!$A$4:$A$203,0))*W27/10000) -> 244 | S27: =INT(INDEX([1]等级属性!D$4:D$203,MATCH($AC27,[1]等级属性!$A$4:$A$203,0))*X27/10000) -> 2767 | T27: =INT(INDEX([1]等级属性!E$4:E$203,MATCH($AC27,[1]等级属性!$A$4:$A$203,0))*Y27/10000) -> 290 | V27: {=INDEX(单位特点规划!D$2:D$37,MATCH($A27,单位特点规划!$A$2:$A$37,0))} -> 15100 | W27: {=INDEX(单位特点规划!E$2:E$37,MATCH($A27,单位特点规划!$A$2:$A$37,0))} -> 7500 | X27: {=INDEX(单位特点规划!F$2:F$37,MATCH($A27,单位特点规划!$A$2:$A$37,0))} -> 28300 | Y27: {=INDEX(单位特点规划!G$2:G$37,MATCH($A27,单位特点规划!$A$2:$A$37,0))} -> 12900 | AA27: =1 -> 1 | AB27: =INT(INDEX([3]进阶属性!$C$2:$C$19,MATCH(B27,[3]进阶属性!$A$2:$A$19,0))/2*AH27) -> 2767 | AC27: =AC9 -> 45 | AD27: =INT((INDEX([3]标准单位!$J$2:$J$201,MATCH($AC27,[3]标准单位!$A$2:$A$201,0))*AE27)/(1-AE27)) -> 0 | AE27: =0 -> 0 | AF27: =AG27/AG$9 -> 0.65435361 | AG27: =(Q27/AM27*1000+IF(AN27<>"",R27/AN27*1000,0)+S27/3+T27/5)/AH27 -> 236.77006 | AH27: {=INDEX([4]Sheet1!H$2:H$36,MATCH($H27,[4]Sheet1!$A$2:$A$36,0))} -> 5 | AI27: =INDEX([4]Sheet1!T$2:T$36,MATCH($H27,[4]Sheet1!$A$2:$A$36,0)) -> 10000,9000,8000,7000,3500,3500,7500,4000,2000,8000,10000 | AJ27: =INDEX([4]Sheet1!U$2:U$36,MATCH($H27,[4]Sheet1!$A$2:$A$36,0)) -> 25.44 | AK27: =INDEX([4]Sheet1!V$2:V$36,MATCH($H27,[4]Sheet1!$A$2:$A$36,0)) -> 0.0125 | AL27: =INDEX([4]Sheet1!W$2:W$36,MATCH($H27,[4]Sheet1!$A$2:$A$36,0)) -> 31.446541 | AM27: =INDEX([4]Sheet1!N$2:N$36,MATCH($H27,[4]Sheet1!$A$2:$A$36,0)) -> 3180 | AN27: =INDEX([4]Sheet1!O$2:O$36,MATCH($H27,[4]Sheet1!$A$2:$A$36,0)) -> 5000
A28: 1002 | B28: 7 | C28: ="{"&K28&","&ROUNDUP(M28,0)&"},"&"{"&L28&","&ROUNDUP(N28,0)&"}" -> {10117,22},{21002,26} | D28: 300000 | E28: 47 | F28: ="{1,"&INT(S28*P28)&"},{2,"&INT(Q28*P28)&"},"&IF(R28=0,"","{3,"&INT(R28*P28)&"},")&"{6,"&INT(T28*P28)&"}" -> {1,3132},{2,557},{3,276},{6,330} | G28: =1 -> 1 | H28: 天启坦克 | I28: {=INDEX([1]英雄界面!$I$4:$I$41,MATCH(A28,[1]英雄界面!$A$4:$A$41,0))} -> 1 | J28: =1 -> 1 | K28: =CHOOSE(J28,INDEX([2]勋章!$I$7:$I$24,MATCH($B28,[2]勋章!$G$7:$G$24,0)),INDEX([2]勋章!$M$7:$M$24,MATCH($B28,[2]勋章!$G$7:$G$24,0)),INDEX([2]勋章!$P$7:$P$24,MATCH($B28,[2]勋章!$G$7:$G$24,0)),INDEX([2]勋章!$S$7:$S$24,MATCH($B28,[2]勋章!$G$7:$G$24,0))) -> 10117 | L28: {=INDEX([2]图纸掉落!$H$4:$H$38,MATCH(H28,[2]图纸掉落!$G$4:$G$38,0))} -> 21002 | M28: =M10 -> 22 | N28: =N10 -> 26 | O28: =INDEX([1]英雄界面!$J$4:$J$41,MATCH(A28,[1]英雄界面!$A$4:$A$41,0))/2 -> 2.5 | P28: =P10 -> 1 | Q28: =INT(INDEX([1]等级属性!B$4:B$203,MATCH($AC28,[1]等级属性!$A$4:$A$203,0))*V28/10000) -> 557 | R28: =INT(INDEX([1]等级属性!C$4:C$203,MATCH($AC28,[1]等级属性!$A$4:$A$203,0))*W28/10000) -> 276 | S28: =INT(INDEX([1]等级属性!D$4:D$203,MATCH($AC28,[1]等级属性!$A$4:$A$203,0))*X28/10000) -> 3132 | T28: =INT(INDEX([1]等级属性!E$4:E$203,MATCH($AC28,[1]等级属性!$A$4:$A$203,0))*Y28/10000) -> 330 | V28: {=INDEX(单位特点规划!D$2:D$37,MATCH($A28,单位特点规划!$A$2:$A$37,0))} -> 15100 | W28: {=INDEX(单位特点规划!E$2:E$37,MATCH($A28,单位特点规划!$A$2:$A$37,0))} -> 7500 | X28: {=INDEX(单位特点规划!F$2:F$37,MATCH($A28,单位特点规划!$A$2:$A$37,0))} -> 28300 | Y28: {=INDEX(单位特点规划!G$2:G$37,MATCH($A28,单位特点规划!$A$2:$A$37,0))} -> 12900 | AA28: =1 -> 1 | AB28: =INT(INDEX([3]进阶属性!$C$2:$C$19,MATCH(B28,[3]进阶属性!$A$2:$A$19,0))/2*AH28) -> 3592 | AC28: =AC10 -> 50 | AD28: =INT((INDEX([3]标准单位!$J$2:$J$201,MATCH($AC28,[3]标准单位!$A$2:$A$201,0))*AE28)/(1-AE28)) -> 0 | AE28: =0 -> 0 | AF28: =AG28/AG$10 -> 0.65438001 | AG28: =(Q28/AM28*1000+IF(AN28<>"",R28/AN28*1000,0)+S28/3+T28/5)/AH28 -> 268.07145 | AH28: {=INDEX([4]Sheet1!H$2:H$36,MATCH($H28,[4]Sheet1!$A$2:$A$36,0))} -> 5 | AI28: =INDEX([4]Sheet1!T$2:T$36,MATCH($H28,[4]Sheet1!$A$2:$A$36,0)) -> 10000,9000,8000,7000,3500,3500,7500,4000,2000,8000,10000 | AJ28: =INDEX([4]Sheet1!U$2:U$36,MATCH($H28,[4]Sheet1!$A$2:$A$36,0)) -> 25.44 | AK28: =INDEX([4]Sheet1!V$2:V$36,MATCH($H28,[4]Sheet1!$A$2:$A$36,0)) -> 0.0125 | AL28: =INDEX([4]Sheet1!W$2:W$36,MATCH($H28,[4]Sheet1!$A$2:$A$36,0)) -> 31.446541 | AM28: =INDEX([4]Sheet1!N$2:N$36,MATCH($H28,[4]Sheet1!$A$2:$A$36,0)) -> 3180 | AN28: =INDEX([4]Sheet1!O$2:O$36,MATCH($H28,[4]Sheet1!$A$2:$A$36,0)) -> 5000
A29: 1002 | B29: 8 | C29: ="{"&K29&","&ROUNDUP(M29,0)&"},"&"{"&L29&","&ROUNDUP(N29,0)&"}" -> {10118,25},{21002,29} | D29: 350000 | E29: 52 | F29: ="{1,"&INT(S29*P29)&"},{2,"&INT(Q29*P29)&"},"&IF(R29=0,"","{3,"&INT(R29*P29)&"},")&"{6,"&INT(T29*P29)&"}" -> {1,3599},{2,640},{3,318},{6,377} | G29: =1 -> 1 | H29: 天启坦克 | I29: {=INDEX([1]英雄界面!$I$4:$I$41,MATCH(A29,[1]英雄界面!$A$4:$A$41,0))} -> 1 | J29: =1 -> 1 | K29: =CHOOSE(J29,INDEX([2]勋章!$I$7:$I$24,MATCH($B29,[2]勋章!$G$7:$G$24,0)),INDEX([2]勋章!$M$7:$M$24,MATCH($B29,[2]勋章!$G$7:$G$24,0)),INDEX([2]勋章!$P$7:$P$24,MATCH($B29,[2]勋章!$G$7:$G$24,0)),INDEX([2]勋章!$S$7:$S$24,MATCH($B29,[2]勋章!$G$7:$G$24,0))) -> 10118 | L29: {=INDEX([2]图纸掉落!$H$4:$H$38,MATCH(H29,[2]图纸掉落!$G$4:$G$38,0))} -> 21002 | M29: =M11 -> 25 | N29: =N11 -> 29 | O29: =INDEX([1]英雄界面!$J$4:$J$41,MATCH(A29,[1]英雄界面!$A$4:$A$41,0))/2 -> 2.5 | P29: =P11 -> 1 | Q29: =INT(INDEX([1]等级属性!B$4:B$203,MATCH($AC29,[1]等级属性!$A$4:$A$203,0))*V29/10000) -> 640 | R29: =INT(INDEX([1]等级属性!C$4:C$203,MATCH($AC29,[1]等级属性!$A$4:$A$203,0))*W29/10000) -> 318 | S29: =INT(INDEX([1]等级属性!D$4:D$203,MATCH($AC29,[1]等级属性!$A$4:$A$203,0))*X29/10000) -> 3599 | T29: =INT(INDEX([1]等级属性!E$4:E$203,MATCH($AC29,[1]等级属性!$A$4:$A$203,0))*Y29/10000) -> 377 | V29: {=INDEX(单位特点规划!D$2:D$37,MATCH($A29,单位特点规划!$A$2:$A$37,0))} -> 15100 | W29: {=INDEX(单位特点规划!E$2:E$37,MATCH($A29,单位特点规划!$A$2:$A$37,0))} -> 7500 | X29: {=INDEX(单位特点规划!F$2:F$37,MATCH($A29,单位特点规划!$A$2:$A$37,0))} -> 28300 | Y29: {=INDEX(单位特点规划!G$2:G$37,MATCH($A29,单位特点规划!$A$2:$A$37,0))} -> 12900 | AA29: =1 -> 1 | AB29: =INT(INDEX([3]进阶属性!$C$2:$C$19,MATCH(B29,[3]进阶属性!$A$2:$A$19,0))/2*AH29) -> 4665 | AC29: =AC11 -> 55 | AD29: =INT((INDEX([3]标准单位!$J$2:$J$201,MATCH($AC29,[3]标准单位!$A$2:$A$201,0))*AE29)/(1-AE29)) -> 0 | AE29: =0 -> 0 | AF29: =AG29/AG$11 -> 0.65427943 | AG29: =(Q29/AM29*1000+IF(AN29<>"",R29/AN29*1000,0)+S29/3+T29/5)/AH29 -> 307.98491 | AH29: {=INDEX([4]Sheet1!H$2:H$36,MATCH($H29,[4]Sheet1!$A$2:$A$36,0))} -> 5 | AI29: =INDEX([4]Sheet1!T$2:T$36,MATCH($H29,[4]Sheet1!$A$2:$A$36,0)) -> 10000,9000,8000,7000,3500,3500,7500,4000,2000,8000,10000 | AJ29: =INDEX([4]Sheet1!U$2:U$36,MATCH($H29,[4]Sheet1!$A$2:$A$36,0)) -> 25.44 | AK29: =INDEX([4]Sheet1!V$2:V$36,MATCH($H29,[4]Sheet1!$A$2:$A$36,0)) -> 0.0125 | AL29: =INDEX([4]Sheet1!W$2:W$36,MATCH($H29,[4]Sheet1!$A$2:$A$36,0)) -> 31.446541 | AM29: =INDEX([4]Sheet1!N$2:N$36,MATCH($H29,[4]Sheet1!$A$2:$A$36,0)) -> 3180 | AN29: =INDEX([4]Sheet1!O$2:O$36,MATCH($H29,[4]Sheet1!$A$2:$A$36,0)) -> 5000
A30: 1002 | B30: 9 | C30: ="{"&K30&","&ROUNDUP(M30,0)&"},"&"{"&L30&","&ROUNDUP(N30,0)&"}" -> {10119,27},{21002,30} | D30: 400000 | E30: 57 | F30: ="{1,"&INT(S30*P30)&"},{2,"&INT(Q30*P30)&"},"&IF(R30=0,"","{3,"&INT(R30*P30)&"},")&"{6,"&INT(T30*P30)&"}" -> {1,4066},{2,723},{3,359},{6,426} | G30: =1 -> 1 | H30: 天启坦克 | I30: {=INDEX([1]英雄界面!$I$4:$I$41,MATCH(A30,[1]英雄界面!$A$4:$A$41,0))} -> 1 | J30: =1 -> 1 | K30: =CHOOSE(J30,INDEX([2]勋章!$I$7:$I$24,MATCH($B30,[2]勋章!$G$7:$G$24,0)),INDEX([2]勋章!$M$7:$M$24,MATCH($B30,[2]勋章!$G$7:$G$24,0)),INDEX([2]勋章!$P$7:$P$24,MATCH($B30,[2]勋章!$G$7:$G$24,0)),INDEX([2]勋章!$S$7:$S$24,MATCH($B30,[2]勋章!$G$7:$G$24,0))) -> 10119 | L30: {=INDEX([2]图纸掉落!$H$4:$H$38,MATCH(H30,[2]图纸掉落!$G$4:$G$38,0))} -> 21002 | M30: =M12 -> 27 | N30: =N12 -> 30 | O30: =INDEX([1]英雄界面!$J$4:$J$41,MATCH(A30,[1]英雄界面!$A$4:$A$41,0))/2 -> 2.5 | P30: =P12 -> 1 | Q30: =INT(INDEX([1]等级属性!B$4:B$203,MATCH($AC30,[1]等级属性!$A$4:$A$203,0))*V30/10000) -> 723 | R30: =INT(INDEX([1]等级属性!C$4:C$203,MATCH($AC30,[1]等级属性!$A$4:$A$203,0))*W30/10000) -> 359 | S30: =INT(INDEX([1]等级属性!D$4:D$203,MATCH($AC30,[1]等级属性!$A$4:$A$203,0))*X30/10000) -> 4066 | T30: =INT(INDEX([1]等级属性!E$4:E$203,MATCH($AC30,[1]等级属性!$A$4:$A$203,0))*Y30/10000) -> 426 | V30: {=INDEX(单位特点规划!D$2:D$37,MATCH($A30,单位特点规划!$A$2:$A$37,0))} -> 15100 | W30: {=INDEX(单位特点规划!E$2:E$37,MATCH($A30,单位特点规划!$A$2:$A$37,0))} -> 7500 | X30: {=INDEX(单位特点规划!F$2:F$37,MATCH($A30,单位特点规划!$A$2:$A$37,0))} -> 28300 | Y30: {=INDEX(单位特点规划!G$2:G$37,MATCH($A30,单位特点规划!$A$2:$A$37,0))} -> 12900 | AA30: =1 -> 1 | AB30: =INT(INDEX([3]进阶属性!$C$2:$C$19,MATCH(B30,[3]进阶属性!$A$2:$A$19,0))/2*AH30) -> 6060 | AC30: =AC12 -> 60 | AD30: =INT((INDEX([3]标准单位!$J$2:$J$201,MATCH($AC30,[3]标准单位!$A$2:$A$201,0))*AE30)/(1-AE30)) -> 0 | AE30: =0 -> 0 | AF30: =AG30/AG$12 -> 0.65421272 | AG30: =(Q30/AM30*1000+IF(AN30<>"",R30/AN30*1000,0)+S30/3+T30/5)/AH30 -> 347.93836 | AH30: {=INDEX([4]Sheet1!H$2:H$36,MATCH($H30,[4]Sheet1!$A$2:$A$36,0))} -> 5 | AI30: =INDEX([4]Sheet1!T$2:T$36,MATCH($H30,[4]Sheet1!$A$2:$A$36,0)) -> 10000,9000,8000,7000,3500,3500,7500,4000,2000,8000,10000 | AJ30: =INDEX([4]Sheet1!U$2:U$36,MATCH($H30,[4]Sheet1!$A$2:$A$36,0)) -> 25.44 | AK30: =INDEX([4]Sheet1!V$2:V$36,MATCH($H30,[4]Sheet1!$A$2:$A$36,0)) -> 0.0125 | AL30: =INDEX([4]Sheet1!W$2:W$36,MATCH($H30,[4]Sheet1!$A$2:$A$36,0)) -> 31.446541 | AM30: =INDEX([4]Sheet1!N$2:N$36,MATCH($H30,[4]Sheet1!$A$2:$A$36,0)) -> 3180 | AN30: =INDEX([4]Sheet1!O$2:O$36,MATCH($H30,[4]Sheet1!$A$2:$A$36,0)) -> 5000
A31: 1002 | B31: 10 | C31: ="{"&K31&","&ROUNDUP(M31,0)&"},"&"{"&L31&","&ROUNDUP(N31,0)&"}" -> {10120,30},{21002,45} | D31: 450000 | E31: 62 | F31: ="{1,"&INT(S31*P31)&"},{2,"&INT(Q31*P31)&"},"&IF(R31=0,"","{3,"&INT(R31*P31)&"},")&"{6,"&INT(T31*P31)&"}" -> {1,4669},{2,830},{3,412},{6,491} | G31: =1 -> 1 | H31: 天启坦克 | I31: {=INDEX([1]英雄界面!$I$4:$I$41,MATCH(A31,[1]英雄界面!$A$4:$A$41,0))} -> 1 | J31: =1 -> 1 | K31: =CHOOSE(J31,INDEX([2]勋章!$I$7:$I$24,MATCH($B31,[2]勋章!$G$7:$G$24,0)),INDEX([2]勋章!$M$7:$M$24,MATCH($B31,[2]勋章!$G$7:$G$24,0)),INDEX([2]勋章!$P$7:$P$24,MATCH($B31,[2]勋章!$G$7:$G$24,0)),INDEX([2]勋章!$S$7:$S$24,MATCH($B31,[2]勋章!$G$7:$G$24,0))) -> 10120 | L31: {=INDEX([2]图纸掉落!$H$4:$H$38,MATCH(H31,[2]图纸掉落!$G$4:$G$38,0))} -> 21002 | M31: =M13 -> 30 | N31: =N13 -> 45 | O31: =INDEX([1]英雄界面!$J$4:$J$41,MATCH(A31,[1]英雄界面!$A$4:$A$41,0))/2 -> 2.5 | P31: =P13 -> 1 | Q31: =INT(INDEX([1]等级属性!B$4:B$203,MATCH($AC31,[1]等级属性!$A$4:$A$203,0))*V31/10000) -> 830 | R31: =INT(INDEX([1]等级属性!C$4:C$203,MATCH($AC31,[1]等级属性!$A$4:$A$203,0))*W31/10000) -> 412 | S31: =INT(INDEX([1]等级属性!D$4:D$203,MATCH($AC31,[1]等级属性!$A$4:$A$203,0))*X31/10000) -> 4669 | T31: =INT(INDEX([1]等级属性!E$4:E$203,MATCH($AC31,[1]等级属性!$A$4:$A$203,0))*Y31/10000) -> 491 | V31: {=INDEX(单位特点规划!D$2:D$37,MATCH($A31,单位特点规划!$A$2:$A$37,0))} -> 15100 | W31: {=INDEX(单位特点规划!E$2:E$37,MATCH($A31,单位特点规划!$A$2:$A$37,0))} -> 7500 | X31: {=INDEX(单位特点规划!F$2:F$37,MATCH($A31,单位特点规划!$A$2:$A$37,0))} -> 28300 | Y31: {=INDEX(单位特点规划!G$2:G$37,MATCH($A31,单位特点规划!$A$2:$A$37,0))} -> 12900 | AA31: =1 -> 1 | AB31: =INT(INDEX([3]进阶属性!$C$2:$C$19,MATCH(B31,[3]进阶属性!$A$2:$A$19,0))/2*AH31) -> 7875 | AC31: =AC13 -> 65 | AD31: =INT((INDEX([3]标准单位!$J$2:$J$201,MATCH($AC31,[3]标准单位!$A$2:$A$201,0))*AE31)/(1-AE31)) -> 0 | AE31: =0 -> 0 | AF31: =AG31/AG$13 -> 0.6542501 | AG31: =(Q31/AM31*1000+IF(AN31<>"",R31/AN31*1000,0)+S31/3+T31/5)/AH31 -> 399.58792 | AH31: {=INDEX([4]Sheet1!H$2:H$36,MATCH($H31,[4]Sheet1!$A$2:$A$36,0))} -> 5 | AI31: =INDEX([4]Sheet1!T$2:T$36,MATCH($H31,[4]Sheet1!$A$2:$A$36,0)) -> 10000,9000,8000,7000,3500,3500,7500,4000,2000,8000,10000 | AJ31: =INDEX([4]Sheet1!U$2:U$36,MATCH($H31,[4]Sheet1!$A$2:$A$36,0)) -> 25.44 | AK31: =INDEX([4]Sheet1!V$2:V$36,MATCH($H31,[4]Sheet1!$A$2:$A$36,0)) -> 0.0125 | AL31: =INDEX([4]Sheet1!W$2:W$36,MATCH($H31,[4]Sheet1!$A$2:$A$36,0)) -> 31.446541 | AM31: =INDEX([4]Sheet1!N$2:N$36,MATCH($H31,[4]Sheet1!$A$2:$A$36,0)) -> 3180 | AN31: =INDEX([4]Sheet1!O$2:O$36,MATCH($H31,[4]Sheet1!$A$2:$A$36,0)) -> 5000
A32: 1002 | B32: 11 | C32: ="{"&K32&","&ROUNDUP(M32,0)&"},"&"{"&L32&","&ROUNDUP(N32,0)&"}" -> {10121,32},{21002,61} | D32: 500000 | E32: 67 | F32: ="{1,"&INT(S32*P32)&"},{2,"&INT(Q32*P32)&"},"&IF(R32=0,"","{3,"&INT(R32*P32)&"},")&"{6,"&INT(T32*P32)&"}" -> {1,5280},{2,939},{3,466},{6,555} | G32: =1 -> 1 | H32: 天启坦克 | I32: {=INDEX([1]英雄界面!$I$4:$I$41,MATCH(A32,[1]英雄界面!$A$4:$A$41,0))} -> 1 | J32: =1 -> 1 | K32: =CHOOSE(J32,INDEX([2]勋章!$I$7:$I$24,MATCH($B32,[2]勋章!$G$7:$G$24,0)),INDEX([2]勋章!$M$7:$M$24,MATCH($B32,[2]勋章!$G$7:$G$24,0)),INDEX([2]勋章!$P$7:$P$24,MATCH($B32,[2]勋章!$G$7:$G$24,0)),INDEX([2]勋章!$S$7:$S$24,MATCH($B32,[2]勋章!$G$7:$G$24,0))) -> 10121 | L32: {=INDEX([2]图纸掉落!$H$4:$H$38,MATCH(H32,[2]图纸掉落!$G$4:$G$38,0))} -> 21002 | M32: =M14 -> 32 | N32: =N14 -> 61 | O32: =INDEX([1]英雄界面!$J$4:$J$41,MATCH(A32,[1]英雄界面!$A$4:$A$41,0))/2 -> 2.5 | P32: =P14 -> 1 | Q32: =INT(INDEX([1]等级属性!B$4:B$203,MATCH($AC32,[1]等级属性!$A$4:$A$203,0))*V32/10000) -> 939 | R32: =INT(INDEX([1]等级属性!C$4:C$203,MATCH($AC32,[1]等级属性!$A$4:$A$203,0))*W32/10000) -> 466 | S32: =INT(INDEX([1]等级属性!D$4:D$203,MATCH($AC32,[1]等级属性!$A$4:$A$203,0))*X32/10000) -> 5280 | T32: =INT(INDEX([1]等级属性!E$4:E$203,MATCH($AC32,[1]等级属性!$A$4:$A$203,0))*Y32/10000) -> 555 | V32: {=INDEX(单位特点规划!D$2:D$37,MATCH($A32,单位特点规划!$A$2:$A$37,0))} -> 15100 | W32: {=INDEX(单位特点规划!E$2:E$37,MATCH($A32,单位特点规划!$A$2:$A$37,0))} -> 7500 | X32: {=INDEX(单位特点规划!F$2:F$37,MATCH($A32,单位特点规划!$A$2:$A$37,0))} -> 28300 | Y32: {=INDEX(单位特点规划!G$2:G$37,MATCH($A32,单位特点规划!$A$2:$A$37,0))} -> 12900 | AA32: =1 -> 1 | AB32: =INT(INDEX([3]进阶属性!$C$2:$C$19,MATCH(B32,[3]进阶属性!$A$2:$A$19,0))/2*AH32) -> 10237 | AC32: =AC14 -> 70 | AD32: =INT((INDEX([3]标准单位!$J$2:$J$201,MATCH($AC32,[3]标准单位!$A$2:$A$201,0))*AE32)/(1-AE32)) -> 0 | AE32: =0 -> 0 | AF32: =AG32/AG$14 -> 0.65423632 | AG32: =(Q32/AM32*1000+IF(AN32<>"",R32/AN32*1000,0)+S32/3+T32/5)/AH32 -> 451.8966 | AH32: {=INDEX([4]Sheet1!H$2:H$36,MATCH($H32,[4]Sheet1!$A$2:$A$36,0))} -> 5 | AI32: =INDEX([4]Sheet1!T$2:T$36,MATCH($H32,[4]Sheet1!$A$2:$A$36,0)) -> 10000,9000,8000,7000,3500,3500,7500,4000,2000,8000,10000 | AJ32: =INDEX([4]Sheet1!U$2:U$36,MATCH($H32,[4]Sheet1!$A$2:$A$36,0)) -> 25.44 | AK32: =INDEX([4]Sheet1!V$2:V$36,MATCH($H32,[4]Sheet1!$A$2:$A$36,0)) -> 0.0125 | AL32: =INDEX([4]Sheet1!W$2:W$36,MATCH($H32,[4]Sheet1!$A$2:$A$36,0)) -> 31.446541 | AM32: =INDEX([4]Sheet1!N$2:N$36,MATCH($H32,[4]Sheet1!$A$2:$A$36,0)) -> 3180 | AN32: =INDEX([4]Sheet1!O$2:O$36,MATCH($H32,[4]Sheet1!$A$2:$A$36,0)) -> 5000
A33: 1002 | B33: 12 | C33: ="{"&K33&","&ROUNDUP(M33,0)&"},"&"{"&L33&","&ROUNDUP(N33,0)&"}" -> {10122,35},{21002,66} | D33: 550000 | E33: 72 | F33: ="{1,"&INT(S33*P33)&"},{2,"&INT(Q33*P33)&"},"&IF(R33=0,"","{3,"&INT(R33*P33)&"},")&"{6,"&INT(T33*P33)&"}" -> {1,6070},{2,1079},{3,536},{6,638} | G33: =1 -> 1 | H33: 天启坦克 | I33: {=INDEX([1]英雄界面!$I$4:$I$41,MATCH(A33,[1]英雄界面!$A$4:$A$41,0))} -> 1 | J33: =1 -> 1 | K33: =CHOOSE(J33,INDEX([2]勋章!$I$7:$I$24,MATCH($B33,[2]勋章!$G$7:$G$24,0)),INDEX([2]勋章!$M$7:$M$24,MATCH($B33,[2]勋章!$G$7:$G$24,0)),INDEX([2]勋章!$P$7:$P$24,MATCH($B33,[2]勋章!$G$7:$G$24,0)),INDEX([2]勋章!$S$7:$S$24,MATCH($B33,[2]勋章!$G$7:$G$24,0))) -> 10122 | L33: {=INDEX([2]图纸掉落!$H$4:$H$38,MATCH(H33,[2]图纸掉落!$G$4:$G$38,0))} -> 21002 | M33: =M15 -> 35 | N33: =N15 -> 66 | O33: =INDEX([1]英雄界面!$J$4:$J$41,MATCH(A33,[1]英雄界面!$A$4:$A$41,0))/2 -> 2.5 | P33: =P15 -> 1 | Q33: =INT(INDEX([1]等级属性!B$4:B$203,MATCH($AC33,[1]等级属性!$A$4:$A$203,0))*V33/10000) -> 1079 | R33: =INT(INDEX([1]等级属性!C$4:C$203,MATCH($AC33,[1]等级属性!$A$4:$A$203,0))*W33/10000) -> 536 | S33: =INT(INDEX([1]等级属性!D$4:D$203,MATCH($AC33,[1]等级属性!$A$4:$A$203,0))*X33/10000) -> 6070 | T33: =INT(INDEX([1]等级属性!E$4:E$203,MATCH($AC33,[1]等级属性!$A$4:$A$203,0))*Y33/10000) -> 638 | V33: {=INDEX(单位特点规划!D$2:D$37,MATCH($A33,单位特点规划!$A$2:$A$37,0))} -> 15100 | W33: {=INDEX(单位特点规划!E$2:E$37,MATCH($A33,单位特点规划!$A$2:$A$37,0))} -> 7500 | X33: {=INDEX(单位特点规划!F$2:F$37,MATCH($A33,单位特点规划!$A$2:$A$37,0))} -> 28300 | Y33: {=INDEX(单位特点规划!G$2:G$37,MATCH($A33,单位特点规划!$A$2:$A$37,0))} -> 12900 | AA33: =1 -> 1 | AB33: =INT(INDEX([3]进阶属性!$C$2:$C$19,MATCH(B33,[3]进阶属性!$A$2:$A$19,0))/2*AH33) -> 13305 | AC33: =AC15 -> 75 | AD33: =INT((INDEX([3]标准单位!$J$2:$J$201,MATCH($AC33,[3]标准单位!$A$2:$A$201,0))*AE33)/(1-AE33)) -> 0 | AE33: =0 -> 0 | AF33: =AG33/AG$15 -> 0.65438512 | AG33: =(Q33/AM33*1000+IF(AN33<>"",R33/AN33*1000,0)+S33/3+T33/5)/AH33 -> 519.4883 | AH33: {=INDEX([4]Sheet1!H$2:H$36,MATCH($H33,[4]Sheet1!$A$2:$A$36,0))} -> 5 | AI33: =INDEX([4]Sheet1!T$2:T$36,MATCH($H33,[4]Sheet1!$A$2:$A$36,0)) -> 10000,9000,8000,7000,3500,3500,7500,4000,2000,8000,10000 | AJ33: =INDEX([4]Sheet1!U$2:U$36,MATCH($H33,[4]Sheet1!$A$2:$A$36,0)) -> 25.44 | AK33: =INDEX([4]Sheet1!V$2:V$36,MATCH($H33,[4]Sheet1!$A$2:$A$36,0)) -> 0.0125 | AL33: =INDEX([4]Sheet1!W$2:W$36,MATCH($H33,[4]Sheet1!$A$2:$A$36,0)) -> 31.446541 | AM33: =INDEX([4]Sheet1!N$2:N$36,MATCH($H33,[4]Sheet1!$A$2:$A$36,0)) -> 3180 | AN33: =INDEX([4]Sheet1!O$2:O$36,MATCH($H33,[4]Sheet1!$A$2:$A$36,0)) -> 5000
A34: 1002 | B34: 13 | C34: ="{"&K34&","&ROUNDUP(M34,0)&"},"&"{"&L34&","&ROUNDUP(N34,0)&"}" -> {10123,37},{21002,70} | D34: 600000 | E34: 77 | F34: ="{1,"&INT(S34*P34)&"},{2,"&INT(Q34*P34)&"},"&IF(R34=0,"","{3,"&INT(R34*P34)&"},")&"{6,"&INT(T34*P34)&"}" -> {1,6859},{2,1220},{3,606},{6,722} | G34: =1 -> 1 | H34: 天启坦克 | I34: {=INDEX([1]英雄界面!$I$4:$I$41,MATCH(A34,[1]英雄界面!$A$4:$A$41,0))} -> 1 | J34: =1 -> 1 | K34: =CHOOSE(J34,INDEX([2]勋章!$I$7:$I$24,MATCH($B34,[2]勋章!$G$7:$G$24,0)),INDEX([2]勋章!$M$7:$M$24,MATCH($B34,[2]勋章!$G$7:$G$24,0)),INDEX([2]勋章!$P$7:$P$24,MATCH($B34,[2]勋章!$G$7:$G$24,0)),INDEX([2]勋章!$S$7:$S$24,MATCH($B34,[2]勋章!$G$7:$G$24,0))) -> 10123 | L34: {=INDEX([2]图纸掉落!$H$4:$H$38,MATCH(H34,[2]图纸掉落!$G$4:$G$38,0))} -> 21002 | M34: =M16 -> 37 | N34: =N16 -> 70 | O34: =INDEX([1]英雄界面!$J$4:$J$41,MATCH(A34,[1]英雄界面!$A$4:$A$41,0))/2 -> 2.5 | P34: =P16 -> 1 | Q34: =INT(INDEX([1]等级属性!B$4:B$203,MATCH($AC34,[1]等级属性!$A$4:$A$203,0))*V34/10000) -> 1220 | R34: =INT(INDEX([1]等级属性!C$4:C$203,MATCH($AC34,[1]等级属性!$A$4:$A$203,0))*W34/10000) -> 606 | S34: =INT(INDEX([1]等级属性!D$4:D$203,MATCH($AC34,[1]等级属性!$A$4:$A$203,0))*X34/10000) -> 6859 | T34: =INT(INDEX([1]等级属性!E$4:E$203,MATCH($AC34,[1]等级属性!$A$4:$A$203,0))*Y34/10000) -> 722 | V34: {=INDEX(单位特点规划!D$2:D$37,MATCH($A34,单位特点规划!$A$2:$A$37,0))} -> 15100 | W34: {=INDEX(单位特点规划!E$2:E$37,MATCH($A34,单位特点规划!$A$2:$A$37,0))} -> 7500 | X34: {=INDEX(单位特点规划!F$2:F$37,MATCH($A34,单位特点规划!$A$2:$A$37,0))} -> 28300 | Y34: {=INDEX(单位特点规划!G$2:G$37,MATCH($A34,单位特点规划!$A$2:$A$37,0))} -> 12900 | AA34: =1 -> 1 | AB34: =INT(INDEX([3]进阶属性!$C$2:$C$19,MATCH(B34,[3]进阶属性!$A$2:$A$19,0))/2*AH34) -> 17295 | AC34: =AC16 -> 80 | AD34: =INT((INDEX([3]标准单位!$J$2:$J$201,MATCH($AC34,[3]标准单位!$A$2:$A$201,0))*AE34)/(1-AE34)) -> 0 | AE34: =0 -> 0 | AF34: =AG34/AG$16 -> 0.65423445 | AG34: =(Q34/AM34*1000+IF(AN34<>"",R34/AN34*1000,0)+S34/3+T34/5)/AH34 -> 587.11623 | AH34: {=INDEX([4]Sheet1!H$2:H$36,MATCH($H34,[4]Sheet1!$A$2:$A$36,0))} -> 5 | AI34: =INDEX([4]Sheet1!T$2:T$36,MATCH($H34,[4]Sheet1!$A$2:$A$36,0)) -> 10000,9000,8000,7000,3500,3500,7500,4000,2000,8000,10000 | AJ34: =INDEX([4]Sheet1!U$2:U$36,MATCH($H34,[4]Sheet1!$A$2:$A$36,0)) -> 25.44 | AK34: =INDEX([4]Sheet1!V$2:V$36,MATCH($H34,[4]Sheet1!$A$2:$A$36,0)) -> 0.0125 | AL34: =INDEX([4]Sheet1!W$2:W$36,MATCH($H34,[4]Sheet1!$A$2:$A$36,0)) -> 31.446541 | AM34: =INDEX([4]Sheet1!N$2:N$36,MATCH($H34,[4]Sheet1!$A$2:$A$36,0)) -> 3180 | AN34: =INDEX([4]Sheet1!O$2:O$36,MATCH($H34,[4]Sheet1!$A$2:$A$36,0)) -> 5000
A35: 1002 | B35: 14 | C35: ="{"&K35&","&ROUNDUP(M35,0)&"},"&"{"&L35&","&ROUNDUP(N35,0)&"}" -> {10124,40},{21002,91} | D35: 650000 | E35: 82 | F35: ="{1,"&INT(S35*P35)&"},{2,"&INT(Q35*P35)&"},"&IF(R35=0,"","{3,"&INT(R35*P35)&"},")&"{6,"&INT(T35*P35)&"}" -> {1,7887},{2,1402},{3,696},{6,829} | G35: =1 -> 1 | H35: 天启坦克 | I35: {=INDEX([1]英雄界面!$I$4:$I$41,MATCH(A35,[1]英雄界面!$A$4:$A$41,0))} -> 1 | J35: =1 -> 1 | K35: =CHOOSE(J35,INDEX([2]勋章!$I$7:$I$24,MATCH($B35,[2]勋章!$G$7:$G$24,0)),INDEX([2]勋章!$M$7:$M$24,MATCH($B35,[2]勋章!$G$7:$G$24,0)),INDEX([2]勋章!$P$7:$P$24,MATCH($B35,[2]勋章!$G$7:$G$24,0)),INDEX([2]勋章!$S$7:$S$24,MATCH($B35,[2]勋章!$G$7:$G$24,0))) -> 10124 | L35: {=INDEX([2]图纸掉落!$H$4:$H$38,MATCH(H35,[2]图纸掉落!$G$4:$G$38,0))} -> 21002 | M35: =M17 -> 40 | N35: =N17 -> 91 | O35: =INDEX([1]英雄界面!$J$4:$J$41,MATCH(A35,[1]英雄界面!$A$4:$A$41,0))/2 -> 2.5 | P35: =P17 -> 1 | Q35: =INT(INDEX([1]等级属性!B$4:B$203,MATCH($AC35,[1]等级属性!$A$4:$A$203,0))*V35/10000) -> 1402 | R35: =INT(INDEX([1]等级属性!C$4:C$203,MATCH($AC35,[1]等级属性!$A$4:$A$203,0))*W35/10000) -> 696 | S35: =INT(INDEX([1]等级属性!D$4:D$203,MATCH($AC35,[1]等级属性!$A$4:$A$203,0))*X35/10000) -> 7887 | T35: =INT(INDEX([1]等级属性!E$4:E$203,MATCH($AC35,[1]等级属性!$A$4:$A$203,0))*Y35/10000) -> 829 | V35: {=INDEX(单位特点规划!D$2:D$37,MATCH($A35,单位特点规划!$A$2:$A$37,0))} -> 15100 | W35: {=INDEX(单位特点规划!E$2:E$37,MATCH($A35,单位特点规划!$A$2:$A$37,0))} -> 7500 | X35: {=INDEX(单位特点规划!F$2:F$37,MATCH($A35,单位特点规划!$A$2:$A$37,0))} -> 28300 | Y35: {=INDEX(单位特点规划!G$2:G$37,MATCH($A35,单位特点规划!$A$2:$A$37,0))} -> 12900 | AA35: =1 -> 1 | AB35: =INT(INDEX([3]进阶属性!$C$2:$C$19,MATCH(B35,[3]进阶属性!$A$2:$A$19,0))/2*AH35) -> 22477 | AC35: =AC17 -> 85 | AD35: =INT((INDEX([3]标准单位!$J$2:$J$201,MATCH($AC35,[3]标准单位!$A$2:$A$201,0))*AE35)/(1-AE35)) -> 0 | AE35: =0 -> 0 | AF35: =AG35/AG$17 -> 0.65427605 | AG35: =(Q35/AM35*1000+IF(AN35<>"",R35/AN35*1000,0)+S35/3+T35/5)/AH35 -> 674.9761 | AH35: {=INDEX([4]Sheet1!H$2:H$36,MATCH($H35,[4]Sheet1!$A$2:$A$36,0))} -> 5 | AI35: =INDEX([4]Sheet1!T$2:T$36,MATCH($H35,[4]Sheet1!$A$2:$A$36,0)) -> 10000,9000,8000,7000,3500,3500,7500,4000,2000,8000,10000 | AJ35: =INDEX([4]Sheet1!U$2:U$36,MATCH($H35,[4]Sheet1!$A$2:$A$36,0)) -> 25.44 | AK35: =INDEX([4]Sheet1!V$2:V$36,MATCH($H35,[4]Sheet1!$A$2:$A$36,0)) -> 0.0125 | AL35: =INDEX([4]Sheet1!W$2:W$36,MATCH($H35,[4]Sheet1!$A$2:$A$36,0)) -> 31.446541 | AM35: =INDEX([4]Sheet1!N$2:N$36,MATCH($H35,[4]Sheet1!$A$2:$A$36,0)) -> 3180 | AN35: =INDEX([4]Sheet1!O$2:O$36,MATCH($H35,[4]Sheet1!$A$2:$A$36,0)) -> 5000
A36: 1002 | B36: 15 | C36: ="{"&K36&","&ROUNDUP(M36,0)&"},"&"{"&L36&","&ROUNDUP(N36,0)&"}" -> {10125,42},{21002,95} | D36: 700000 | E36: 87 | F36: ="{1,"&INT(S36*P36)&"},{2,"&INT(Q36*P36)&"},"&IF(R36=0,"","{3,"&INT(R36*P36)&"},")&"{6,"&INT(T36*P36)&"}" -> {1,8914},{2,1585},{3,787},{6,940} | G36: =1 -> 1 | H36: 天启坦克 | I36: {=INDEX([1]英雄界面!$I$4:$I$41,MATCH(A36,[1]英雄界面!$A$4:$A$41,0))} -> 1 | J36: =1 -> 1 | K36: =CHOOSE(J36,INDEX([2]勋章!$I$7:$I$24,MATCH($B36,[2]勋章!$G$7:$G$24,0)),INDEX([2]勋章!$M$7:$M$24,MATCH($B36,[2]勋章!$G$7:$G$24,0)),INDEX([2]勋章!$P$7:$P$24,MATCH($B36,[2]勋章!$G$7:$G$24,0)),INDEX([2]勋章!$S$7:$S$24,MATCH($B36,[2]勋章!$G$7:$G$24,0))) -> 10125 | L36: {=INDEX([2]图纸掉落!$H$4:$H$38,MATCH(H36,[2]图纸掉落!$G$4:$G$38,0))} -> 21002 | M36: =M18 -> 42 | N36: =N18 -> 95 | O36: =INDEX([1]英雄界面!$J$4:$J$41,MATCH(A36,[1]英雄界面!$A$4:$A$41,0))/2 -> 2.5 | P36: =P18 -> 1 | Q36: =INT(INDEX([1]等级属性!B$4:B$203,MATCH($AC36,[1]等级属性!$A$4:$A$203,0))*V36/10000) -> 1585 | R36: =INT(INDEX([1]等级属性!C$4:C$203,MATCH($AC36,[1]等级属性!$A$4:$A$203,0))*W36/10000) -> 787 | S36: =INT(INDEX([1]等级属性!D$4:D$203,MATCH($AC36,[1]等级属性!$A$4:$A$203,0))*X36/10000) -> 8914 | T36: =INT(INDEX([1]等级属性!E$4:E$203,MATCH($AC36,[1]等级属性!$A$4:$A$203,0))*Y36/10000) -> 940 | V36: {=INDEX(单位特点规划!D$2:D$37,MATCH($A36,单位特点规划!$A$2:$A$37,0))} -> 15100 | W36: {=INDEX(单位特点规划!E$2:E$37,MATCH($A36,单位特点规划!$A$2:$A$37,0))} -> 7500 | X36: {=INDEX(单位特点规划!F$2:F$37,MATCH($A36,单位特点规划!$A$2:$A$37,0))} -> 28300 | Y36: {=INDEX(单位特点规划!G$2:G$37,MATCH($A36,单位特点规划!$A$2:$A$37,0))} -> 12900 | AA36: =1 -> 1 | AB36: =INT(INDEX([3]进阶属性!$C$2:$C$19,MATCH(B36,[3]进阶属性!$A$2:$A$19,0))/2*AH36) -> 29220 | AC36: =AC18 -> 90 | AD36: =INT((INDEX([3]标准单位!$J$2:$J$201,MATCH($AC36,[3]标准单位!$A$2:$A$201,0))*AE36)/(1-AE36)) -> 0 | AE36: =0 -> 0 | AF36: =AG36/AG$18 -> 0.65413974 | AG36: =(Q36/AM36*1000+IF(AN36<>"",R36/AN36*1000,0)+S36/3+T36/5)/AH36 -> 763.0322 | AH36: {=INDEX([4]Sheet1!H$2:H$36,MATCH($H36,[4]Sheet1!$A$2:$A$36,0))} -> 5 | AI36: =INDEX([4]Sheet1!T$2:T$36,MATCH($H36,[4]Sheet1!$A$2:$A$36,0)) -> 10000,9000,8000,7000,3500,3500,7500,4000,2000,8000,10000 | AJ36: =INDEX([4]Sheet1!U$2:U$36,MATCH($H36,[4]Sheet1!$A$2:$A$36,0)) -> 25.44 | AK36: =INDEX([4]Sheet1!V$2:V$36,MATCH($H36,[4]Sheet1!$A$2:$A$36,0)) -> 0.0125 | AL36: =INDEX([4]Sheet1!W$2:W$36,MATCH($H36,[4]Sheet1!$A$2:$A$36,0)) -> 31.446541 | AM36: =INDEX([4]Sheet1!N$2:N$36,MATCH($H36,[4]Sheet1!$A$2:$A$36,0)) -> 3180 | AN36: =INDEX([4]Sheet1!O$2:O$36,MATCH($H36,[4]Sheet1!$A$2:$A$36,0)) -> 5000
A37: 1002 | B37: 16 | C37: ="{"&K37&","&ROUNDUP(M37,0)&"},"&"{"&L37&","&ROUNDUP(N37,0)&"}" -> {10126,45},{21002,101} | D37: 750000 | E37: 92 | F37: ="{1,"&INT(S37*P37)&"},{2,"&INT(Q37*P37)&"},"&IF(R37=0,"","{3,"&INT(R37*P37)&"},")&"{6,"&INT(T37*P37)&"}" -> {1,10247},{2,1822},{3,905},{6,1079} | G37: =1 -> 1 | H37: 天启坦克 | I37: {=INDEX([1]英雄界面!$I$4:$I$41,MATCH(A37,[1]英雄界面!$A$4:$A$41,0))} -> 1 | J37: =1 -> 1 | K37: =CHOOSE(J37,INDEX([2]勋章!$I$7:$I$24,MATCH($B37,[2]勋章!$G$7:$G$24,0)),INDEX([2]勋章!$M$7:$M$24,MATCH($B37,[2]勋章!$G$7:$G$24,0)),INDEX([2]勋章!$P$7:$P$24,MATCH($B37,[2]勋章!$G$7:$G$24,0)),INDEX([2]勋章!$S$7:$S$24,MATCH($B37,[2]勋章!$G$7:$G$24,0))) -> 10126 | L37: {=INDEX([2]图纸掉落!$H$4:$H$38,MATCH(H37,[2]图纸掉落!$G$4:$G$38,0))} -> 21002 | M37: =M19 -> 45 | N37: =N19 -> 101 | O37: =INDEX([1]英雄界面!$J$4:$J$41,MATCH(A37,[1]英雄界面!$A$4:$A$41,0))/2 -> 2.5 | P37: =P19 -> 1 | Q37: =INT(INDEX([1]等级属性!B$4:B$203,MATCH($AC37,[1]等级属性!$A$4:$A$203,0))*V37/10000) -> 1822 | R37: =INT(INDEX([1]等级属性!C$4:C$203,MATCH($AC37,[1]等级属性!$A$4:$A$203,0))*W37/10000) -> 905 | S37: =INT(INDEX([1]等级属性!D$4:D$203,MATCH($AC37,[1]等级属性!$A$4:$A$203,0))*X37/10000) -> 10247 | T37: =INT(INDEX([1]等级属性!E$4:E$203,MATCH($AC37,[1]等级属性!$A$4:$A$203,0))*Y37/10000) -> 1079 | V37: {=INDEX(单位特点规划!D$2:D$37,MATCH($A37,单位特点规划!$A$2:$A$37,0))} -> 15100 | W37: {=INDEX(单位特点规划!E$2:E$37,MATCH($A37,单位特点规划!$A$2:$A$37,0))} -> 7500 | X37: {=INDEX(单位特点规划!F$2:F$37,MATCH($A37,单位特点规划!$A$2:$A$37,0))} -> 28300 | Y37: {=INDEX(单位特点规划!G$2:G$37,MATCH($A37,单位特点规划!$A$2:$A$37,0))} -> 12900 | AA37: =1 -> 1 | AB37: =INT(INDEX([3]进阶属性!$C$2:$C$19,MATCH(B37,[3]进阶属性!$A$2:$A$19,0))/2*AH37) -> 37980 | AC37: =AC19 -> 95 | AD37: =INT((INDEX([3]标准单位!$J$2:$J$201,MATCH($AC37,[3]标准单位!$A$2:$A$201,0))*AE37)/(1-AE37)) -> 0 | AE37: =0 -> 0 | AF37: =AG37/AG$19 -> 0.65425472 | AG37: =(Q37/AM37*1000+IF(AN37<>"",R37/AN37*1000,0)+S37/3+T37/5)/AH37 -> 877.08453 | AH37: {=INDEX([4]Sheet1!H$2:H$36,MATCH($H37,[4]Sheet1!$A$2:$A$36,0))} -> 5 | AI37: =INDEX([4]Sheet1!T$2:T$36,MATCH($H37,[4]Sheet1!$A$2:$A$36,0)) -> 10000,9000,8000,7000,3500,3500,7500,4000,2000,8000,10000 | AJ37: =INDEX([4]Sheet1!U$2:U$36,MATCH($H37,[4]Sheet1!$A$2:$A$36,0)) -> 25.44 | AK37: =INDEX([4]Sheet1!V$2:V$36,MATCH($H37,[4]Sheet1!$A$2:$A$36,0)) -> 0.0125 | AL37: =INDEX([4]Sheet1!W$2:W$36,MATCH($H37,[4]Sheet1!$A$2:$A$36,0)) -> 31.446541 | AM37: =INDEX([4]Sheet1!N$2:N$36,MATCH($H37,[4]Sheet1!$A$2:$A$36,0)) -> 3180 | AN37: =INDEX([4]Sheet1!O$2:O$36,MATCH($H37,[4]Sheet1!$A$2:$A$36,0)) -> 5000
A38: 1002 | B38: 17 | C38: ="{"&K38&","&ROUNDUP(M38,0)&"},"&"{"&L38&","&ROUNDUP(N38,0)&"}" -> {10127,47},{21002,105} | D38: 800000 | E38: 97 | F38: ="{1,"&INT(S38*P38)&"},{2,"&INT(Q38*P38)&"},"&IF(R38=0,"","{3,"&INT(R38*P38)&"},")&"{6,"&INT(T38*P38)&"}" -> {1,11588},{2,2061},{3,1023},{6,1221} | G38: =1 -> 1 | H38: 天启坦克 | I38: {=INDEX([1]英雄界面!$I$4:$I$41,MATCH(A38,[1]英雄界面!$A$4:$A$41,0))} -> 1 | J38: =1 -> 1 | K38: =CHOOSE(J38,INDEX([2]勋章!$I$7:$I$24,MATCH($B38,[2]勋章!$G$7:$G$24,0)),INDEX([2]勋章!$M$7:$M$24,MATCH($B38,[2]勋章!$G$7:$G$24,0)),INDEX([2]勋章!$P$7:$P$24,MATCH($B38,[2]勋章!$G$7:$G$24,0)),INDEX([2]勋章!$S$7:$S$24,MATCH($B38,[2]勋章!$G$7:$G$24,0))) -> 10127 | L38: {=INDEX([2]图纸掉落!$H$4:$H$38,MATCH(H38,[2]图纸掉落!$G$4:$G$38,0))} -> 21002 | M38: =M20 -> 47 | N38: =N20 -> 105 | O38: =INDEX([1]英雄界面!$J$4:$J$41,MATCH(A38,[1]英雄界面!$A$4:$A$41,0))/2 -> 2.5 | P38: =P20 -> 1 | Q38: =INT(INDEX([1]等级属性!B$4:B$203,MATCH($AC38,[1]等级属性!$A$4:$A$203,0))*V38/10000) -> 2061 | R38: =INT(INDEX([1]等级属性!C$4:C$203,MATCH($AC38,[1]等级属性!$A$4:$A$203,0))*W38/10000) -> 1023 | S38: =INT(INDEX([1]等级属性!D$4:D$203,MATCH($AC38,[1]等级属性!$A$4:$A$203,0))*X38/10000) -> 11588 | T38: =INT(INDEX([1]等级属性!E$4:E$203,MATCH($AC38,[1]等级属性!$A$4:$A$203,0))*Y38/10000) -> 1221 | V38: {=INDEX(单位特点规划!D$2:D$37,MATCH($A38,单位特点规划!$A$2:$A$37,0))} -> 15100 | W38: {=INDEX(单位特点规划!E$2:E$37,MATCH($A38,单位特点规划!$A$2:$A$37,0))} -> 7500 | X38: {=INDEX(单位特点规划!F$2:F$37,MATCH($A38,单位特点规划!$A$2:$A$37,0))} -> 28300 | Y38: {=INDEX(单位特点规划!G$2:G$37,MATCH($A38,单位特点规划!$A$2:$A$37,0))} -> 12900 | AA38: =1 -> 1 | AB38: =INT(INDEX([3]进阶属性!$C$2:$C$19,MATCH(B38,[3]进阶属性!$A$2:$A$19,0))/2*AH38) -> 49372 | AC38: =AC20 -> 100 | AD38: =INT((INDEX([3]标准单位!$J$2:$J$201,MATCH($AC38,[3]标准单位!$A$2:$A$201,0))*AE38)/(1-AE38)) -> 0 | AE38: =0 -> 0 | AF38: =AG38/AG$20 -> 0.65419334 | AG38: =(Q38/AM38*1000+IF(AN38<>"",R38/AN38*1000,0)+S38/3+T38/5)/AH38 -> 991.91597 | AH38: {=INDEX([4]Sheet1!H$2:H$36,MATCH($H38,[4]Sheet1!$A$2:$A$36,0))} -> 5 | AI38: =INDEX([4]Sheet1!T$2:T$36,MATCH($H38,[4]Sheet1!$A$2:$A$36,0)) -> 10000,9000,8000,7000,3500,3500,7500,4000,2000,8000,10000 | AJ38: =INDEX([4]Sheet1!U$2:U$36,MATCH($H38,[4]Sheet1!$A$2:$A$36,0)) -> 25.44 | AK38: =INDEX([4]Sheet1!V$2:V$36,MATCH($H38,[4]Sheet1!$A$2:$A$36,0)) -> 0.0125 | AL38: =INDEX([4]Sheet1!W$2:W$36,MATCH($H38,[4]Sheet1!$A$2:$A$36,0)) -> 31.446541 | AM38: =INDEX([4]Sheet1!N$2:N$36,MATCH($H38,[4]Sheet1!$A$2:$A$36,0)) -> 3180 | AN38: =INDEX([4]Sheet1!O$2:O$36,MATCH($H38,[4]Sheet1!$A$2:$A$36,0)) -> 5000
A39: 1002 | B39: 18 | C39: ="{"&K39&","&ROUNDUP(M39,0)&"},"&"{"&L39&","&ROUNDUP(N39,0)&"}" -> {10128,50},{21002,112} | D39: 800000 | E39: 102 | F39: ="{1,"&INT(S39*P39)&"},{2,"&INT(Q39*P39)&"},"&IF(R39=0,"","{3,"&INT(R39*P39)&"},")&"{6,"&INT(T39*P39)&"}" -> {1,13320},{2,2369},{3,1176},{6,1404} | G39: =1 -> 1 | H39: 天启坦克 | I39: {=INDEX([1]英雄界面!$I$4:$I$41,MATCH(A39,[1]英雄界面!$A$4:$A$41,0))} -> 1 | J39: =1 -> 1 | K39: =CHOOSE(J39,INDEX([2]勋章!$I$7:$I$24,MATCH($B39,[2]勋章!$G$7:$G$24,0)),INDEX([2]勋章!$M$7:$M$24,MATCH($B39,[2]勋章!$G$7:$G$24,0)),INDEX([2]勋章!$P$7:$P$24,MATCH($B39,[2]勋章!$G$7:$G$24,0)),INDEX([2]勋章!$S$7:$S$24,MATCH($B39,[2]勋章!$G$7:$G$24,0))) -> 10128 | L39: {=INDEX([2]图纸掉落!$H$4:$H$38,MATCH(H39,[2]图纸掉落!$G$4:$G$38,0))} -> 21002 | M39: =M21 -> 50 | N39: =N21 -> 112 | O39: =INDEX([1]英雄界面!$J$4:$J$41,MATCH(A39,[1]英雄界面!$A$4:$A$41,0))/2 -> 2.5 | P39: =P21 -> 1 | Q39: =INT(INDEX([1]等级属性!B$4:B$203,MATCH($AC39,[1]等级属性!$A$4:$A$203,0))*V39/10000) -> 2369 | R39: =INT(INDEX([1]等级属性!C$4:C$203,MATCH($AC39,[1]等级属性!$A$4:$A$203,0))*W39/10000) -> 1176 | S39: =INT(INDEX([1]等级属性!D$4:D$203,MATCH($AC39,[1]等级属性!$A$4:$A$203,0))*X39/10000) -> 13320 | T39: =INT(INDEX([1]等级属性!E$4:E$203,MATCH($AC39,[1]等级属性!$A$4:$A$203,0))*Y39/10000) -> 1404 | V39: {=INDEX(单位特点规划!D$2:D$37,MATCH($A39,单位特点规划!$A$2:$A$37,0))} -> 15100 | W39: {=INDEX(单位特点规划!E$2:E$37,MATCH($A39,单位特点规划!$A$2:$A$37,0))} -> 7500 | X39: {=INDEX(单位特点规划!F$2:F$37,MATCH($A39,单位特点规划!$A$2:$A$37,0))} -> 28300 | Y39: {=INDEX(单位特点规划!G$2:G$37,MATCH($A39,单位特点规划!$A$2:$A$37,0))} -> 12900 | AA39: =1 -> 1 | AB39: =INT(INDEX([3]进阶属性!$C$2:$C$19,MATCH(B39,[3]进阶属性!$A$2:$A$19,0))/2*AH39) -> 64177 | AC39: =AC21 -> 105 | AD39: =INT((INDEX([3]标准单位!$J$2:$J$201,MATCH($AC39,[3]标准单位!$A$2:$A$201,0))*AE39)/(1-AE39)) -> 0 | AE39: =0 -> 0 | AF39: =AG39/AG$21 -> 0.65419342 | AG39: =(Q39/AM39*1000+IF(AN39<>"",R39/AN39*1000,0)+S39/3+T39/5)/AH39 -> 1140.1937 | AH39: {=INDEX([4]Sheet1!H$2:H$36,MATCH($H39,[4]Sheet1!$A$2:$A$36,0))} -> 5 | AI39: =INDEX([4]Sheet1!T$2:T$36,MATCH($H39,[4]Sheet1!$A$2:$A$36,0)) -> 10000,9000,8000,7000,3500,3500,7500,4000,2000,8000,10000 | AJ39: =INDEX([4]Sheet1!U$2:U$36,MATCH($H39,[4]Sheet1!$A$2:$A$36,0)) -> 25.44 | AK39: =INDEX([4]Sheet1!V$2:V$36,MATCH($H39,[4]Sheet1!$A$2:$A$36,0)) -> 0.0125 | AL39: =INDEX([4]Sheet1!W$2:W$36,MATCH($H39,[4]Sheet1!$A$2:$A$36,0)) -> 31.446541 | AM39: =INDEX([4]Sheet1!N$2:N$36,MATCH($H39,[4]Sheet1!$A$2:$A$36,0)) -> 3180 | AN39: =INDEX([4]Sheet1!O$2:O$36,MATCH($H39,[4]Sheet1!$A$2:$A$36,0)) -> 5000
A40: 1003 | B40: 1 | C40: ="{"&K40&","&ROUNDUP(M40,0)&"},"&"{"&L40&","&ROUNDUP(N40,0)&"}" -> {10111,1},{21003,2} | D40: 1000 | E40: 10 | F40: ="{1,"&INT(S40*P40)&"},{2,"&INT(Q40*P40)&"},"&IF(R40=0,"","{3,"&INT(R40*P40)&"},")&"{6,"&INT(T40*P40)&"}" -> {1,624},{2,187},{6,142} | G40: =1 -> 1 | H40: 犀牛坦克 | I40: {=INDEX([1]英雄界面!$I$4:$I$41,MATCH(A40,[1]英雄界面!$A$4:$A$41,0))} -> 1 | J40: =1 -> 1 | K40: =CHOOSE(J40,INDEX([2]勋章!$I$7:$I$24,MATCH($B40,[2]勋章!$G$7:$G$24,0)),INDEX([2]勋章!$M$7:$M$24,MATCH($B40,[2]勋章!$G$7:$G$24,0)),INDEX([2]勋章!$P$7:$P$24,MATCH($B40,[2]勋章!$G$7:$G$24,0)),INDEX([2]勋章!$S$7:$S$24,MATCH($B40,[2]勋章!$G$7:$G$24,0))) -> 10111 | L40: {=INDEX([2]图纸掉落!$H$4:$H$38,MATCH(H40,[2]图纸掉落!$G$4:$G$38,0))} -> 21003 | M40: =M22 -> 1 | N40: =N22 -> 2 | O40: =INDEX([1]英雄界面!$J$4:$J$41,MATCH(A40,[1]英雄界面!$A$4:$A$41,0))/2 -> 0.5 | P40: =P22 -> 1.6 | Q40: =INT(INDEX([1]等级属性!B$4:B$203,MATCH($AC40,[1]等级属性!$A$4:$A$203,0))*V40/10000) -> 117 | R40: =INT(INDEX([1]等级属性!C$4:C$203,MATCH($AC40,[1]等级属性!$A$4:$A$203,0))*W40/10000) -> 0 | S40: =INT(INDEX([1]等级属性!D$4:D$203,MATCH($AC40,[1]等级属性!$A$4:$A$203,0))*X40/10000) -> 390 | T40: =INT(INDEX([1]等级属性!E$4:E$203,MATCH($AC40,[1]等级属性!$A$4:$A$203,0))*Y40/10000) -> 89 | V40: {=INDEX(单位特点规划!D$2:D$37,MATCH($A40,单位特点规划!$A$2:$A$37,0))} -> 9000 | W40: {=INDEX(单位特点规划!E$2:E$37,MATCH($A40,单位特点规划!$A$2:$A$37,0))} -> 0 | X40: {=INDEX(单位特点规划!F$2:F$37,MATCH($A40,单位特点规划!$A$2:$A$37,0))} -> 10000 | Y40: {=INDEX(单位特点规划!G$2:G$37,MATCH($A40,单位特点规划!$A$2:$A$37,0))} -> 10000 | AA40: =1/0.81 -> 1.2345679 | AB40: =INT(INDEX([3]进阶属性!$C$2:$C$19,MATCH(B40,[3]进阶属性!$A$2:$A$19,0))/2*AH40) -> 300 | AC40: =AC22 -> 10 | AD40: =INT((INDEX([3]标准单位!$J$2:$J$201,MATCH($AC40,[3]标准单位!$A$2:$A$201,0))*AE40)/(1-AE40)) -> 0 | AE40: =0 -> 0 | AF40: =AG40/AG$4 -> 0.61738153 | AG40: =(Q40/AM40*1000+IF(AN40<>"",R40/AN40*1000,0)+S40/3+T40/5)/AH40 -> 88.9 | AH40: {=INDEX([4]Sheet1!H$2:H$36,MATCH($H40,[4]Sheet1!$A$2:$A$36,0))} -> 2 | AI40: =INDEX([4]Sheet1!T$2:T$36,MATCH($H40,[4]Sheet1!$A$2:$A$36,0)) -> 0 | AJ40: =INDEX([4]Sheet1!U$2:U$36,MATCH($H40,[4]Sheet1!$A$2:$A$36,0)) -> 0.057692308 | AK40: =INDEX([4]Sheet1!V$2:V$36,MATCH($H40,[4]Sheet1!$A$2:$A$36,0)) -> 0 | AL40: =INDEX([4]Sheet1!W$2:W$36,MATCH($H40,[4]Sheet1!$A$2:$A$36,0)) -> 23.076923 | AM40: =INDEX([4]Sheet1!N$2:N$36,MATCH($H40,[4]Sheet1!$A$2:$A$36,0)) -> 3900 | AN40: =INDEX([4]Sheet1!O$2:O$36,MATCH($H40,[4]Sheet1!$A$2:$A$36,0))
A41: 1003 | B41: 2 | C41: ="{"&K41&","&ROUNDUP(M41,0)&"},"&"{"&L41&","&ROUNDUP(N41,0)&"}" -> {10112,5},{21003,5} | D41: 5000 | E41: 16 | F41: ="{1,"&INT(S41*P41)&"},{2,"&INT(Q41*P41)&"},"&IF(R41=0,"","{3,"&INT(R41*P41)&"},")&"{6,"&INT(T41*P41)&"}" -> {1,760},{2,228},{6,174} | G41: =1 -> 1 | H41: 犀牛坦克 | I41: {=INDEX([1]英雄界面!$I$4:$I$41,MATCH(A41,[1]英雄界面!$A$4:$A$41,0))} -> 1 | J41: =1 -> 1 | K41: =CHOOSE(J41,INDEX([2]勋章!$I$7:$I$24,MATCH($B41,[2]勋章!$G$7:$G$24,0)),INDEX([2]勋章!$M$7:$M$24,MATCH($B41,[2]勋章!$G$7:$G$24,0)),INDEX([2]勋章!$P$7:$P$24,MATCH($B41,[2]勋章!$G$7:$G$24,0)),INDEX([2]勋章!$S$7:$S$24,MATCH($B41,[2]勋章!$G$7:$G$24,0))) -> 10112 | L41: {=INDEX([2]图纸掉落!$H$4:$H$38,MATCH(H41,[2]图纸掉落!$G$4:$G$38,0))} -> 21003 | M41: =M23 -> 5 | N41: =N23 -> 5 | O41: =INDEX([1]英雄界面!$J$4:$J$41,MATCH(A41,[1]英雄界面!$A$4:$A$41,0))/2 -> 0.5 | P41: =P23 -> 1.5 | Q41: =INT(INDEX([1]等级属性!B$4:B$203,MATCH($AC41,[1]等级属性!$A$4:$A$203,0))*V41/10000) -> 152 | R41: =INT(INDEX([1]等级属性!C$4:C$203,MATCH($AC41,[1]等级属性!$A$4:$A$203,0))*W41/10000) -> 0 | S41: =INT(INDEX([1]等级属性!D$4:D$203,MATCH($AC41,[1]等级属性!$A$4:$A$203,0))*X41/10000) -> 507 | T41: =INT(INDEX([1]等级属性!E$4:E$203,MATCH($AC41,[1]等级属性!$A$4:$A$203,0))*Y41/10000) -> 116 | V41: {=INDEX(单位特点规划!D$2:D$37,MATCH($A41,单位特点规划!$A$2:$A$37,0))} -> 9000 | W41: {=INDEX(单位特点规划!E$2:E$37,MATCH($A41,单位特点规划!$A$2:$A$37,0))} -> 0 | X41: {=INDEX(单位特点规划!F$2:F$37,MATCH($A41,单位特点规划!$A$2:$A$37,0))} -> 10000 | Y41: {=INDEX(单位特点规划!G$2:G$37,MATCH($A41,单位特点规划!$A$2:$A$37,0))} -> 10000 | AA41: =1/0.81 -> 1.2345679 | AB41: =INT(INDEX([3]进阶属性!$C$2:$C$19,MATCH(B41,[3]进阶属性!$A$2:$A$19,0))/2*AH41) -> 390 | AC41: =AC23 -> 20 | AD41: =INT((INDEX([3]标准单位!$J$2:$J$201,MATCH($AC41,[3]标准单位!$A$2:$A$201,0))*AE41)/(1-AE41)) -> 0 | AE41: =0 -> 0 | AF41: =AG41/AG$5 -> 0.61734296 | AG41: =(Q41/AM41*1000+IF(AN41<>"",R41/AN41*1000,0)+S41/3+T41/5)/AH41 -> 115.58718 | AH41: {=INDEX([4]Sheet1!H$2:H$36,MATCH($H41,[4]Sheet1!$A$2:$A$36,0))} -> 2 | AI41: =INDEX([4]Sheet1!T$2:T$36,MATCH($H41,[4]Sheet1!$A$2:$A$36,0)) -> 0 | AJ41: =INDEX([4]Sheet1!U$2:U$36,MATCH($H41,[4]Sheet1!$A$2:$A$36,0)) -> 0.057692308 | AK41: =INDEX([4]Sheet1!V$2:V$36,MATCH($H41,[4]Sheet1!$A$2:$A$36,0)) -> 0 | AL41: =INDEX([4]Sheet1!W$2:W$36,MATCH($H41,[4]Sheet1!$A$2:$A$36,0)) -> 23.076923 | AM41: =INDEX([4]Sheet1!N$2:N$36,MATCH($H41,[4]Sheet1!$A$2:$A$36,0)) -> 3900 | AN41: =INDEX([4]Sheet1!O$2:O$36,MATCH($H41,[4]Sheet1!$A$2:$A$36,0))
A42: 1003 | B42: 3 | C42: ="{"&K42&","&ROUNDUP(M42,0)&"},"&"{"&L42&","&ROUNDUP(N42,0)&"}" -> {10113,7},{21003,8} | D42: 10000 | E42: 27 | F42: ="{1,"&INT(S42*P42)&"},{2,"&INT(Q42*P42)&"},"&IF(R42=0,"","{3,"&INT(R42*P42)&"},")&"{6,"&INT(T42*P42)&"}" -> {1,919},{2,275},{6,212} | G42: =1 -> 1 | H42: 犀牛坦克 | I42: {=INDEX([1]英雄界面!$I$4:$I$41,MATCH(A42,[1]英雄界面!$A$4:$A$41,0))} -> 1 | J42: =1 -> 1 | K42: =CHOOSE(J42,INDEX([2]勋章!$I$7:$I$24,MATCH($B42,[2]勋章!$G$7:$G$24,0)),INDEX([2]勋章!$M$7:$M$24,MATCH($B42,[2]勋章!$G$7:$G$24,0)),INDEX([2]勋章!$P$7:$P$24,MATCH($B42,[2]勋章!$G$7:$G$24,0)),INDEX([2]勋章!$S$7:$S$24,MATCH($B42,[2]勋章!$G$7:$G$24,0))) -> 10113 | L42: {=INDEX([2]图纸掉落!$H$4:$H$38,MATCH(H42,[2]图纸掉落!$G$4:$G$38,0))} -> 21003 | M42: =M24 -> 7 | N42: =N24 -> 8 | O42: =INDEX([1]英雄界面!$J$4:$J$41,MATCH(A42,[1]英雄界面!$A$4:$A$41,0))/2 -> 0.5 | P42: =P24 -> 1.4 | Q42: =INT(INDEX([1]等级属性!B$4:B$203,MATCH($AC42,[1]等级属性!$A$4:$A$203,0))*V42/10000) -> 197 | R42: =INT(INDEX([1]等级属性!C$4:C$203,MATCH($AC42,[1]等级属性!$A$4:$A$203,0))*W42/10000) -> 0 | S42: =INT(INDEX([1]等级属性!D$4:D$203,MATCH($AC42,[1]等级属性!$A$4:$A$203,0))*X42/10000) -> 657 | T42: =INT(INDEX([1]等级属性!E$4:E$203,MATCH($AC42,[1]等级属性!$A$4:$A$203,0))*Y42/10000) -> 152 | V42: {=INDEX(单位特点规划!D$2:D$37,MATCH($A42,单位特点规划!$A$2:$A$37,0))} -> 9000 | W42: {=INDEX(单位特点规划!E$2:E$37,MATCH($A42,单位特点规划!$A$2:$A$37,0))} -> 0 | X42: {=INDEX(单位特点规划!F$2:F$37,MATCH($A42,单位特点规划!$A$2:$A$37,0))} -> 10000 | Y42: {=INDEX(单位特点规划!G$2:G$37,MATCH($A42,单位特点规划!$A$2:$A$37,0))} -> 10000 | AA42: =1/0.81 -> 1.2345679 | AB42: =INT(INDEX([3]进阶属性!$C$2:$C$19,MATCH(B42,[3]进阶属性!$A$2:$A$19,0))/2*AH42) -> 507 | AC42: =AC24 -> 30 | AD42: =INT((INDEX([3]标准单位!$J$2:$J$201,MATCH($AC42,[3]标准单位!$A$2:$A$201,0))*AE42)/(1-AE42)) -> 0 | AE42: =0 -> 0 | AF42: =AG42/AG$6 -> 0.61672991 | AG42: =(Q42/AM42*1000+IF(AN42<>"",R42/AN42*1000,0)+S42/3+T42/5)/AH42 -> 149.95641 | AH42: {=INDEX([4]Sheet1!H$2:H$36,MATCH($H42,[4]Sheet1!$A$2:$A$36,0))} -> 2 | AI42: =INDEX([4]Sheet1!T$2:T$36,MATCH($H42,[4]Sheet1!$A$2:$A$36,0)) -> 0 | AJ42: =INDEX([4]Sheet1!U$2:U$36,MATCH($H42,[4]Sheet1!$A$2:$A$36,0)) -> 0.057692308 | AK42: =INDEX([4]Sheet1!V$2:V$36,MATCH($H42,[4]Sheet1!$A$2:$A$36,0)) -> 0 | AL42: =INDEX([4]Sheet1!W$2:W$36,MATCH($H42,[4]Sheet1!$A$2:$A$36,0)) -> 23.076923 | AM42: =INDEX([4]Sheet1!N$2:N$36,MATCH($H42,[4]Sheet1!$A$2:$A$36,0)) -> 3900 | AN42: =INDEX([4]Sheet1!O$2:O$36,MATCH($H42,[4]Sheet1!$A$2:$A$36,0))
A43: 1003 | B43: 4 | C43: ="{"&K43&","&ROUNDUP(M43,0)&"},"&"{"&L43&","&ROUNDUP(N43,0)&"}" -> {10114,10},{21003,12} | D43: 80000 | E43: 32 | F43: ="{1,"&INT(S43*P43)&"},{2,"&INT(Q43*P43)&"},"&IF(R43=0,"","{3,"&INT(R43*P43)&"},")&"{6,"&INT(T43*P43)&"}" -> {1,978},{2,292},{6,223} | G43: =1 -> 1 | H43: 犀牛坦克 | I43: {=INDEX([1]英雄界面!$I$4:$I$41,MATCH(A43,[1]英雄界面!$A$4:$A$41,0))} -> 1 | J43: =1 -> 1 | K43: =CHOOSE(J43,INDEX([2]勋章!$I$7:$I$24,MATCH($B43,[2]勋章!$G$7:$G$24,0)),INDEX([2]勋章!$M$7:$M$24,MATCH($B43,[2]勋章!$G$7:$G$24,0)),INDEX([2]勋章!$P$7:$P$24,MATCH($B43,[2]勋章!$G$7:$G$24,0)),INDEX([2]勋章!$S$7:$S$24,MATCH($B43,[2]勋章!$G$7:$G$24,0))) -> 10114 | L43: {=INDEX([2]图纸掉落!$H$4:$H$38,MATCH(H43,[2]图纸掉落!$G$4:$G$38,0))} -> 21003 | M43: =M25 -> 10 | N43: =N25 -> 12 | O43: =INDEX([1]英雄界面!$J$4:$J$41,MATCH(A43,[1]英雄界面!$A$4:$A$41,0))/2 -> 0.5 | P43: =P25 -> 1.3 | Q43: =INT(INDEX([1]等级属性!B$4:B$203,MATCH($AC43,[1]等级属性!$A$4:$A$203,0))*V43/10000) -> 225 | R43: =INT(INDEX([1]等级属性!C$4:C$203,MATCH($AC43,[1]等级属性!$A$4:$A$203,0))*W43/10000) -> 0 | S43: =INT(INDEX([1]等级属性!D$4:D$203,MATCH($AC43,[1]等级属性!$A$4:$A$203,0))*X43/10000) -> 753 | T43: =INT(INDEX([1]等级属性!E$4:E$203,MATCH($AC43,[1]等级属性!$A$4:$A$203,0))*Y43/10000) -> 172 | V43: {=INDEX(单位特点规划!D$2:D$37,MATCH($A43,单位特点规划!$A$2:$A$37,0))} -> 9000 | W43: {=INDEX(单位特点规划!E$2:E$37,MATCH($A43,单位特点规划!$A$2:$A$37,0))} -> 0 | X43: {=INDEX(单位特点规划!F$2:F$37,MATCH($A43,单位特点规划!$A$2:$A$37,0))} -> 10000 | Y43: {=INDEX(单位特点规划!G$2:G$37,MATCH($A43,单位特点规划!$A$2:$A$37,0))} -> 10000 | AA43: =1/0.81 -> 1.2345679 | AB43: =INT(INDEX([3]进阶属性!$C$2:$C$19,MATCH(B43,[3]进阶属性!$A$2:$A$19,0))/2*AH43) -> 657 | AC43: =AC25 -> 35 | AD43: =INT((INDEX([3]标准单位!$J$2:$J$201,MATCH($AC43,[3]标准单位!$A$2:$A$201,0))*AE43)/(1-AE43)) -> 0 | AE43: =0 -> 0 | AF43: =AG43/AG$7 -> 0.61635458 | AG43: =(Q43/AM43*1000+IF(AN43<>"",R43/AN43*1000,0)+S43/3+T43/5)/AH43 -> 171.54615 | AH43: {=INDEX([4]Sheet1!H$2:H$36,MATCH($H43,[4]Sheet1!$A$2:$A$36,0))} -> 2 | AI43: =INDEX([4]Sheet1!T$2:T$36,MATCH($H43,[4]Sheet1!$A$2:$A$36,0)) -> 0 | AJ43: =INDEX([4]Sheet1!U$2:U$36,MATCH($H43,[4]Sheet1!$A$2:$A$36,0)) -> 0.057692308 | AK43: =INDEX([4]Sheet1!V$2:V$36,MATCH($H43,[4]Sheet1!$A$2:$A$36,0)) -> 0 | AL43: =INDEX([4]Sheet1!W$2:W$36,MATCH($H43,[4]Sheet1!$A$2:$A$36,0)) -> 23.076923 | AM43: =INDEX([4]Sheet1!N$2:N$36,MATCH($H43,[4]Sheet1!$A$2:$A$36,0)) -> 3900 | AN43: =INDEX([4]Sheet1!O$2:O$36,MATCH($H43,[4]Sheet1!$A$2:$A$36,0))
A44: 1003 | B44: 5 | C44: ="{"&K44&","&ROUNDUP(M44,0)&"},"&"{"&L44&","&ROUNDUP(N44,0)&"}" -> {10115,15},{21003,15} | D44: 150000 | E44: 38 | F44: ="{1,"&INT(S44*P44)&"},{2,"&INT(Q44*P44)&"},"&IF(R44=0,"","{3,"&INT(R44*P44)&"},")&"{6,"&INT(T44*P44)&"}" -> {1,1022},{2,306},{6,234} | G44: =1 -> 1 | H44: 犀牛坦克 | I44: {=INDEX([1]英雄界面!$I$4:$I$41,MATCH(A44,[1]英雄界面!$A$4:$A$41,0))} -> 1 | J44: =1 -> 1 | K44: =CHOOSE(J44,INDEX([2]勋章!$I$7:$I$24,MATCH($B44,[2]勋章!$G$7:$G$24,0)),INDEX([2]勋章!$M$7:$M$24,MATCH($B44,[2]勋章!$G$7:$G$24,0)),INDEX([2]勋章!$P$7:$P$24,MATCH($B44,[2]勋章!$G$7:$G$24,0)),INDEX([2]勋章!$S$7:$S$24,MATCH($B44,[2]勋章!$G$7:$G$24,0))) -> 10115 | L44: {=INDEX([2]图纸掉落!$H$4:$H$38,MATCH(H44,[2]图纸掉落!$G$4:$G$38,0))} -> 21003 | M44: =M26 -> 15 | N44: =N26 -> 15 | O44: =INDEX([1]英雄界面!$J$4:$J$41,MATCH(A44,[1]英雄界面!$A$4:$A$41,0))/2 -> 0.5 | P44: =P26 -> 1.2 | Q44: =INT(INDEX([1]等级属性!B$4:B$203,MATCH($AC44,[1]等级属性!$A$4:$A$203,0))*V44/10000) -> 255 | R44: =INT(INDEX([1]等级属性!C$4:C$203,MATCH($AC44,[1]等级属性!$A$4:$A$203,0))*W44/10000) -> 0 | S44: =INT(INDEX([1]等级属性!D$4:D$203,MATCH($AC44,[1]等级属性!$A$4:$A$203,0))*X44/10000) -> 852 | T44: =INT(INDEX([1]等级属性!E$4:E$203,MATCH($AC44,[1]等级属性!$A$4:$A$203,0))*Y44/10000) -> 195 | V44: {=INDEX(单位特点规划!D$2:D$37,MATCH($A44,单位特点规划!$A$2:$A$37,0))} -> 9000 | W44: {=INDEX(单位特点规划!E$2:E$37,MATCH($A44,单位特点规划!$A$2:$A$37,0))} -> 0 | X44: {=INDEX(单位特点规划!F$2:F$37,MATCH($A44,单位特点规划!$A$2:$A$37,0))} -> 10000 | Y44: {=INDEX(单位特点规划!G$2:G$37,MATCH($A44,单位特点规划!$A$2:$A$37,0))} -> 10000 | AA44: =1/0.81 -> 1.2345679 | AB44: =INT(INDEX([3]进阶属性!$C$2:$C$19,MATCH(B44,[3]进阶属性!$A$2:$A$19,0))/2*AH44) -> 852 | AC44: =AC26 -> 40 | AD44: =INT((INDEX([3]标准单位!$J$2:$J$201,MATCH($AC44,[3]标准单位!$A$2:$A$201,0))*AE44)/(1-AE44)) -> 0 | AE44: =0 -> 0 | AF44: =AG44/AG$8 -> 0.61666996 | AG44: =(Q44/AM44*1000+IF(AN44<>"",R44/AN44*1000,0)+S44/3+T44/5)/AH44 -> 194.19231 | AH44: {=INDEX([4]Sheet1!H$2:H$36,MATCH($H44,[4]Sheet1!$A$2:$A$36,0))} -> 2 | AI44: =INDEX([4]Sheet1!T$2:T$36,MATCH($H44,[4]Sheet1!$A$2:$A$36,0)) -> 0 | AJ44: =INDEX([4]Sheet1!U$2:U$36,MATCH($H44,[4]Sheet1!$A$2:$A$36,0)) -> 0.057692308 | AK44: =INDEX([4]Sheet1!V$2:V$36,MATCH($H44,[4]Sheet1!$A$2:$A$36,0)) -> 0 | AL44: =INDEX([4]Sheet1!W$2:W$36,MATCH($H44,[4]Sheet1!$A$2:$A$36,0)) -> 23.076923 | AM44: =INDEX([4]Sheet1!N$2:N$36,MATCH($H44,[4]Sheet1!$A$2:$A$36,0)) -> 3900 | AN44: =INDEX([4]Sheet1!O$2:O$36,MATCH($H44,[4]Sheet1!$A$2:$A$36,0))
A45: 1003 | B45: 6 | C45: ="{"&K45&","&ROUNDUP(M45,0)&"},"&"{"&L45&","&ROUNDUP(N45,0)&"}" -> {10116,20},{21003,16} | D45: 250000 | E45: 43 | F45: ="{1,"&INT(S45*P45)&"},{2,"&INT(Q45*P45)&"},"&IF(R45=0,"","{3,"&INT(R45*P45)&"},")&"{6,"&INT(T45*P45)&"}" -> {1,1075},{2,322},{6,247} | G45: =1 -> 1 | H45: 犀牛坦克 | I45: {=INDEX([1]英雄界面!$I$4:$I$41,MATCH(A45,[1]英雄界面!$A$4:$A$41,0))} -> 1 | J45: =1 -> 1 | K45: =CHOOSE(J45,INDEX([2]勋章!$I$7:$I$24,MATCH($B45,[2]勋章!$G$7:$G$24,0)),INDEX([2]勋章!$M$7:$M$24,MATCH($B45,[2]勋章!$G$7:$G$24,0)),INDEX([2]勋章!$P$7:$P$24,MATCH($B45,[2]勋章!$G$7:$G$24,0)),INDEX([2]勋章!$S$7:$S$24,MATCH($B45,[2]勋章!$G$7:$G$24,0))) -> 10116 | L45: {=INDEX([2]图纸掉落!$H$4:$H$38,MATCH(H45,[2]图纸掉落!$G$4:$G$38,0))} -> 21003 | M45: =M27 -> 20 | N45: =N27 -> 16 | O45: =INDEX([1]英雄界面!$J$4:$J$41,MATCH(A45,[1]英雄界面!$A$4:$A$41,0))/2 -> 0.5 | P45: =P27 -> 1.1 | Q45: =INT(INDEX([1]等级属性!B$4:B$203,MATCH($AC45,[1]等级属性!$A$4:$A$203,0))*V45/10000) -> 293 | R45: =INT(INDEX([1]等级属性!C$4:C$203,MATCH($AC45,[1]等级属性!$A$4:$A$203,0))*W45/10000) -> 0 | S45: =INT(INDEX([1]等级属性!D$4:D$203,MATCH($AC45,[1]等级属性!$A$4:$A$203,0))*X45/10000) -> 978 | T45: =INT(INDEX([1]等级属性!E$4:E$203,MATCH($AC45,[1]等级属性!$A$4:$A$203,0))*Y45/10000) -> 225 | V45: {=INDEX(单位特点规划!D$2:D$37,MATCH($A45,单位特点规划!$A$2:$A$37,0))} -> 9000 | W45: {=INDEX(单位特点规划!E$2:E$37,MATCH($A45,单位特点规划!$A$2:$A$37,0))} -> 0 | X45: {=INDEX(单位特点规划!F$2:F$37,MATCH($A45,单位特点规划!$A$2:$A$37,0))} -> 10000 | Y45: {=INDEX(单位特点规划!G$2:G$37,MATCH($A45,单位特点规划!$A$2:$A$37,0))} -> 10000 | AA45: =1/0.81 -> 1.2345679 | AB45: =INT(INDEX([3]进阶属性!$C$2:$C$19,MATCH(B45,[3]进阶属性!$A$2:$A$19,0))/2*AH45) -> 1107 | AC45: =AC27 -> 45 | AD45: =INT((INDEX([3]标准单位!$J$2:$J$201,MATCH($AC45,[3]标准单位!$A$2:$A$201,0))*AE45)/(1-AE45)) -> 0 | AE45: =0 -> 0 | AF45: =AG45/AG$9 -> 0.6164749 | AG45: =(Q45/AM45*1000+IF(AN45<>"",R45/AN45*1000,0)+S45/3+T45/5)/AH45 -> 223.0641 | AH45: {=INDEX([4]Sheet1!H$2:H$36,MATCH($H45,[4]Sheet1!$A$2:$A$36,0))} -> 2 | AI45: =INDEX([4]Sheet1!T$2:T$36,MATCH($H45,[4]Sheet1!$A$2:$A$36,0)) -> 0 | AJ45: =INDEX([4]Sheet1!U$2:U$36,MATCH($H45,[4]Sheet1!$A$2:$A$36,0)) -> 0.057692308 | AK45: =INDEX([4]Sheet1!V$2:V$36,MATCH($H45,[4]Sheet1!$A$2:$A$36,0)) -> 0 | AL45: =INDEX([4]Sheet1!W$2:W$36,MATCH($H45,[4]Sheet1!$A$2:$A$36,0)) -> 23.076923 | AM45: =INDEX([4]Sheet1!N$2:N$36,MATCH($H45,[4]Sheet1!$A$2:$A$36,0)) -> 3900 | AN45: =INDEX([4]Sheet1!O$2:O$36,MATCH($H45,[4]Sheet1!$A$2:$A$36,0))
A46: 1003 | B46: 7 | C46: ="{"&K46&","&ROUNDUP(M46,0)&"},"&"{"&L46&","&ROUNDUP(N46,0)&"}" -> {10117,22},{21003,26} | D46: 300000 | E46: 48 | F46: ="{1,"&INT(S46*P46)&"},{2,"&INT(Q46*P46)&"},"&IF(R46=0,"","{3,"&INT(R46*P46)&"},")&"{6,"&INT(T46*P46)&"}" -> {1,1107},{2,332},{6,256} | G46: =1 -> 1 | H46: 犀牛坦克 | I46: {=INDEX([1]英雄界面!$I$4:$I$41,MATCH(A46,[1]英雄界面!$A$4:$A$41,0))} -> 1 | J46: =1 -> 1 | K46: =CHOOSE(J46,INDEX([2]勋章!$I$7:$I$24,MATCH($B46,[2]勋章!$G$7:$G$24,0)),INDEX([2]勋章!$M$7:$M$24,MATCH($B46,[2]勋章!$G$7:$G$24,0)),INDEX([2]勋章!$P$7:$P$24,MATCH($B46,[2]勋章!$G$7:$G$24,0)),INDEX([2]勋章!$S$7:$S$24,MATCH($B46,[2]勋章!$G$7:$G$24,0))) -> 10117 | L46: {=INDEX([2]图纸掉落!$H$4:$H$38,MATCH(H46,[2]图纸掉落!$G$4:$G$38,0))} -> 21003 | M46: =M28 -> 22 | N46: =N28 -> 26 | O46: =INDEX([1]英雄界面!$J$4:$J$41,MATCH(A46,[1]英雄界面!$A$4:$A$41,0))/2 -> 0.5 | P46: =P28 -> 1 | Q46: =INT(INDEX([1]等级属性!B$4:B$203,MATCH($AC46,[1]等级属性!$A$4:$A$203,0))*V46/10000) -> 332 | R46: =INT(INDEX([1]等级属性!C$4:C$203,MATCH($AC46,[1]等级属性!$A$4:$A$203,0))*W46/10000) -> 0 | S46: =INT(INDEX([1]等级属性!D$4:D$203,MATCH($AC46,[1]等级属性!$A$4:$A$203,0))*X46/10000) -> 1107 | T46: =INT(INDEX([1]等级属性!E$4:E$203,MATCH($AC46,[1]等级属性!$A$4:$A$203,0))*Y46/10000) -> 256 | V46: {=INDEX(单位特点规划!D$2:D$37,MATCH($A46,单位特点规划!$A$2:$A$37,0))} -> 9000 | W46: {=INDEX(单位特点规划!E$2:E$37,MATCH($A46,单位特点规划!$A$2:$A$37,0))} -> 0 | X46: {=INDEX(单位特点规划!F$2:F$37,MATCH($A46,单位特点规划!$A$2:$A$37,0))} -> 10000 | Y46: {=INDEX(单位特点规划!G$2:G$37,MATCH($A46,单位特点规划!$A$2:$A$37,0))} -> 10000 | AA46: =1/0.81 -> 1.2345679 | AB46: =INT(INDEX([3]进阶属性!$C$2:$C$19,MATCH(B46,[3]进阶属性!$A$2:$A$19,0))/2*AH46) -> 1437 | AC46: =AC28 -> 50 | AD46: =INT((INDEX([3]标准单位!$J$2:$J$201,MATCH($AC46,[3]标准单位!$A$2:$A$201,0))*AE46)/(1-AE46)) -> 0 | AE46: =0 -> 0 | AF46: =AG46/AG$10 -> 0.61676967 | AG46: =(Q46/AM46*1000+IF(AN46<>"",R46/AN46*1000,0)+S46/3+T46/5)/AH46 -> 252.6641 | AH46: {=INDEX([4]Sheet1!H$2:H$36,MATCH($H46,[4]Sheet1!$A$2:$A$36,0))} -> 2 | AI46: =INDEX([4]Sheet1!T$2:T$36,MATCH($H46,[4]Sheet1!$A$2:$A$36,0)) -> 0 | AJ46: =INDEX([4]Sheet1!U$2:U$36,MATCH($H46,[4]Sheet1!$A$2:$A$36,0)) -> 0.057692308 | AK46: =INDEX([4]Sheet1!V$2:V$36,MATCH($H46,[4]Sheet1!$A$2:$A$36,0)) -> 0 | AL46: =INDEX([4]Sheet1!W$2:W$36,MATCH($H46,[4]Sheet1!$A$2:$A$36,0)) -> 23.076923 | AM46: =INDEX([4]Sheet1!N$2:N$36,MATCH($H46,[4]Sheet1!$A$2:$A$36,0)) -> 3900 | AN46: =INDEX([4]Sheet1!O$2:O$36,MATCH($H46,[4]Sheet1!$A$2:$A$36,0))
A47: 1003 | B47: 8 | C47: ="{"&K47&","&ROUNDUP(M47,0)&"},"&"{"&L47&","&ROUNDUP(N47,0)&"}" -> {10118,25},{21003,29} | D47: 350000 | E47: 53 | F47: ="{1,"&INT(S47*P47)&"},{2,"&INT(Q47*P47)&"},"&IF(R47=0,"","{3,"&INT(R47*P47)&"},")&"{6,"&INT(T47*P47)&"}" -> {1,1272},{2,381},{6,293} | G47: =1 -> 1 | H47: 犀牛坦克 | I47: {=INDEX([1]英雄界面!$I$4:$I$41,MATCH(A47,[1]英雄界面!$A$4:$A$41,0))} -> 1 | J47: =1 -> 1 | K47: =CHOOSE(J47,INDEX([2]勋章!$I$7:$I$24,MATCH($B47,[2]勋章!$G$7:$G$24,0)),INDEX([2]勋章!$M$7:$M$24,MATCH($B47,[2]勋章!$G$7:$G$24,0)),INDEX([2]勋章!$P$7:$P$24,MATCH($B47,[2]勋章!$G$7:$G$24,0)),INDEX([2]勋章!$S$7:$S$24,MATCH($B47,[2]勋章!$G$7:$G$24,0))) -> 10118 | L47: {=INDEX([2]图纸掉落!$H$4:$H$38,MATCH(H47,[2]图纸掉落!$G$4:$G$38,0))} -> 21003 | M47: =M29 -> 25 | N47: =N29 -> 29 | O47: =INDEX([1]英雄界面!$J$4:$J$41,MATCH(A47,[1]英雄界面!$A$4:$A$41,0))/2 -> 0.5 | P47: =P29 -> 1 | Q47: =INT(INDEX([1]等级属性!B$4:B$203,MATCH($AC47,[1]等级属性!$A$4:$A$203,0))*V47/10000) -> 381 | R47: =INT(INDEX([1]等级属性!C$4:C$203,MATCH($AC47,[1]等级属性!$A$4:$A$203,0))*W47/10000) -> 0 | S47: =INT(INDEX([1]等级属性!D$4:D$203,MATCH($AC47,[1]等级属性!$A$4:$A$203,0))*X47/10000) -> 1272 | T47: =INT(INDEX([1]等级属性!E$4:E$203,MATCH($AC47,[1]等级属性!$A$4:$A$203,0))*Y47/10000) -> 293 | V47: {=INDEX(单位特点规划!D$2:D$37,MATCH($A47,单位特点规划!$A$2:$A$37,0))} -> 9000 | W47: {=INDEX(单位特点规划!E$2:E$37,MATCH($A47,单位特点规划!$A$2:$A$37,0))} -> 0 | X47: {=INDEX(单位特点规划!F$2:F$37,MATCH($A47,单位特点规划!$A$2:$A$37,0))} -> 10000 | Y47: {=INDEX(单位特点规划!G$2:G$37,MATCH($A47,单位特点规划!$A$2:$A$37,0))} -> 10000 | AA47: =1/0.81 -> 1.2345679 | AB47: =INT(INDEX([3]进阶属性!$C$2:$C$19,MATCH(B47,[3]进阶属性!$A$2:$A$19,0))/2*AH47) -> 1866 | AC47: =AC29 -> 55 | AD47: =INT((INDEX([3]标准单位!$J$2:$J$201,MATCH($AC47,[3]标准单位!$A$2:$A$201,0))*AE47)/(1-AE47)) -> 0 | AE47: =0 -> 0 | AF47: =AG47/AG$11 -> 0.616383 | AG47: =(Q47/AM47*1000+IF(AN47<>"",R47/AN47*1000,0)+S47/3+T47/5)/AH47 -> 290.14615 | AH47: {=INDEX([4]Sheet1!H$2:H$36,MATCH($H47,[4]Sheet1!$A$2:$A$36,0))} -> 2 | AI47: =INDEX([4]Sheet1!T$2:T$36,MATCH($H47,[4]Sheet1!$A$2:$A$36,0)) -> 0 | AJ47: =INDEX([4]Sheet1!U$2:U$36,MATCH($H47,[4]Sheet1!$A$2:$A$36,0)) -> 0.057692308 | AK47: =INDEX([4]Sheet1!V$2:V$36,MATCH($H47,[4]Sheet1!$A$2:$A$36,0)) -> 0 | AL47: =INDEX([4]Sheet1!W$2:W$36,MATCH($H47,[4]Sheet1!$A$2:$A$36,0)) -> 23.076923 | AM47: =INDEX([4]Sheet1!N$2:N$36,MATCH($H47,[4]Sheet1!$A$2:$A$36,0)) -> 3900 | AN47: =INDEX([4]Sheet1!O$2:O$36,MATCH($H47,[4]Sheet1!$A$2:$A$36,0))
A48: 1003 | B48: 9 | C48: ="{"&K48&","&ROUNDUP(M48,0)&"},"&"{"&L48&","&ROUNDUP(N48,0)&"}" -> {10119,27},{21003,30} | D48: 400000 | E48: 58 | F48: ="{1,"&INT(S48*P48)&"},{2,"&INT(Q48*P48)&"},"&IF(R48=0,"","{3,"&INT(R48*P48)&"},")&"{6,"&INT(T48*P48)&"}" -> {1,1437},{2,431},{6,331} | G48: =1 -> 1 | H48: 犀牛坦克 | I48: {=INDEX([1]英雄界面!$I$4:$I$41,MATCH(A48,[1]英雄界面!$A$4:$A$41,0))} -> 1 | J48: =1 -> 1 | K48: =CHOOSE(J48,INDEX([2]勋章!$I$7:$I$24,MATCH($B48,[2]勋章!$G$7:$G$24,0)),INDEX([2]勋章!$M$7:$M$24,MATCH($B48,[2]勋章!$G$7:$G$24,0)),INDEX([2]勋章!$P$7:$P$24,MATCH($B48,[2]勋章!$G$7:$G$24,0)),INDEX([2]勋章!$S$7:$S$24,MATCH($B48,[2]勋章!$G$7:$G$24,0))) -> 10119 | L48: {=INDEX([2]图纸掉落!$H$4:$H$38,MATCH(H48,[2]图纸掉落!$G$4:$G$38,0))} -> 21003 | M48: =M30 -> 27 | N48: =N30 -> 30 | O48: =INDEX([1]英雄界面!$J$4:$J$41,MATCH(A48,[1]英雄界面!$A$4:$A$41,0))/2 -> 0.5 | P48: =P30 -> 1 | Q48: =INT(INDEX([1]等级属性!B$4:B$203,MATCH($AC48,[1]等级属性!$A$4:$A$203,0))*V48/10000) -> 431 | R48: =INT(INDEX([1]等级属性!C$4:C$203,MATCH($AC48,[1]等级属性!$A$4:$A$203,0))*W48/10000) -> 0 | S48: =INT(INDEX([1]等级属性!D$4:D$203,MATCH($AC48,[1]等级属性!$A$4:$A$203,0))*X48/10000) -> 1437 | T48: =INT(INDEX([1]等级属性!E$4:E$203,MATCH($AC48,[1]等级属性!$A$4:$A$203,0))*Y48/10000) -> 331 | V48: {=INDEX(单位特点规划!D$2:D$37,MATCH($A48,单位特点规划!$A$2:$A$37,0))} -> 9000 | W48: {=INDEX(单位特点规划!E$2:E$37,MATCH($A48,单位特点规划!$A$2:$A$37,0))} -> 0 | X48: {=INDEX(单位特点规划!F$2:F$37,MATCH($A48,单位特点规划!$A$2:$A$37,0))} -> 10000 | Y48: {=INDEX(单位特点规划!G$2:G$37,MATCH($A48,单位特点规划!$A$2:$A$37,0))} -> 10000 | AA48: =1/0.81 -> 1.2345679 | AB48: =INT(INDEX([3]进阶属性!$C$2:$C$19,MATCH(B48,[3]进阶属性!$A$2:$A$19,0))/2*AH48) -> 2424 | AC48: =AC30 -> 60 | AD48: =INT((INDEX([3]标准单位!$J$2:$J$201,MATCH($AC48,[3]标准单位!$A$2:$A$201,0))*AE48)/(1-AE48)) -> 0 | AE48: =0 -> 0 | AF48: =AG48/AG$12 -> 0.61645354 | AG48: =(Q48/AM48*1000+IF(AN48<>"",R48/AN48*1000,0)+S48/3+T48/5)/AH48 -> 327.85641 | AH48: {=INDEX([4]Sheet1!H$2:H$36,MATCH($H48,[4]Sheet1!$A$2:$A$36,0))} -> 2 | AI48: =INDEX([4]Sheet1!T$2:T$36,MATCH($H48,[4]Sheet1!$A$2:$A$36,0)) -> 0 | AJ48: =INDEX([4]Sheet1!U$2:U$36,MATCH($H48,[4]Sheet1!$A$2:$A$36,0)) -> 0.057692308 | AK48: =INDEX([4]Sheet1!V$2:V$36,MATCH($H48,[4]Sheet1!$A$2:$A$36,0)) -> 0 | AL48: =INDEX([4]Sheet1!W$2:W$36,MATCH($H48,[4]Sheet1!$A$2:$A$36,0)) -> 23.076923 | AM48: =INDEX([4]Sheet1!N$2:N$36,MATCH($H48,[4]Sheet1!$A$2:$A$36,0)) -> 3900 | AN48: =INDEX([4]Sheet1!O$2:O$36,MATCH($H48,[4]Sheet1!$A$2:$A$36,0))
A49: 1003 | B49: 10 | C49: ="{"&K49&","&ROUNDUP(M49,0)&"},"&"{"&L49&","&ROUNDUP(N49,0)&"}" -> {10120,30},{21003,45} | D49: 450000 | E49: 63 | F49: ="{1,"&INT(S49*P49)&"},{2,"&INT(Q49*P49)&"},"&IF(R49=0,"","{3,"&INT(R49*P49)&"},")&"{6,"&INT(T49*P49)&"}" -> {1,1650},{2,495},{6,381} | G49: =1 -> 1 | H49: 犀牛坦克 | I49: {=INDEX([1]英雄界面!$I$4:$I$41,MATCH(A49,[1]英雄界面!$A$4:$A$41,0))} -> 1 | J49: =1 -> 1 | K49: =CHOOSE(J49,INDEX([2]勋章!$I$7:$I$24,MATCH($B49,[2]勋章!$G$7:$G$24,0)),INDEX([2]勋章!$M$7:$M$24,MATCH($B49,[2]勋章!$G$7:$G$24,0)),INDEX([2]勋章!$P$7:$P$24,MATCH($B49,[2]勋章!$G$7:$G$24,0)),INDEX([2]勋章!$S$7:$S$24,MATCH($B49,[2]勋章!$G$7:$G$24,0))) -> 10120 | L49: {=INDEX([2]图纸掉落!$H$4:$H$38,MATCH(H49,[2]图纸掉落!$G$4:$G$38,0))} -> 21003 | M49: =M31 -> 30 | N49: =N31 -> 45 | O49: =INDEX([1]英雄界面!$J$4:$J$41,MATCH(A49,[1]英雄界面!$A$4:$A$41,0))/2 -> 0.5 | P49: =P31 -> 1 | Q49: =INT(INDEX([1]等级属性!B$4:B$203,MATCH($AC49,[1]等级属性!$A$4:$A$203,0))*V49/10000) -> 495 | R49: =INT(INDEX([1]等级属性!C$4:C$203,MATCH($AC49,[1]等级属性!$A$4:$A$203,0))*W49/10000) -> 0 | S49: =INT(INDEX([1]等级属性!D$4:D$203,MATCH($AC49,[1]等级属性!$A$4:$A$203,0))*X49/10000) -> 1650 | T49: =INT(INDEX([1]等级属性!E$4:E$203,MATCH($AC49,[1]等级属性!$A$4:$A$203,0))*Y49/10000) -> 381 | V49: {=INDEX(单位特点规划!D$2:D$37,MATCH($A49,单位特点规划!$A$2:$A$37,0))} -> 9000 | W49: {=INDEX(单位特点规划!E$2:E$37,MATCH($A49,单位特点规划!$A$2:$A$37,0))} -> 0 | X49: {=INDEX(单位特点规划!F$2:F$37,MATCH($A49,单位特点规划!$A$2:$A$37,0))} -> 10000 | Y49: {=INDEX(单位特点规划!G$2:G$37,MATCH($A49,单位特点规划!$A$2:$A$37,0))} -> 10000 | AA49: =1/0.81 -> 1.2345679 | AB49: =INT(INDEX([3]进阶属性!$C$2:$C$19,MATCH(B49,[3]进阶属性!$A$2:$A$19,0))/2*AH49) -> 3150 | AC49: =AC31 -> 65 | AD49: =INT((INDEX([3]标准单位!$J$2:$J$201,MATCH($AC49,[3]标准单位!$A$2:$A$201,0))*AE49)/(1-AE49)) -> 0 | AE49: =0 -> 0 | AF49: =AG49/AG$13 -> 0.61654873 | AG49: =(Q49/AM49*1000+IF(AN49<>"",R49/AN49*1000,0)+S49/3+T49/5)/AH49 -> 376.56154 | AH49: {=INDEX([4]Sheet1!H$2:H$36,MATCH($H49,[4]Sheet1!$A$2:$A$36,0))} -> 2 | AI49: =INDEX([4]Sheet1!T$2:T$36,MATCH($H49,[4]Sheet1!$A$2:$A$36,0)) -> 0 | AJ49: =INDEX([4]Sheet1!U$2:U$36,MATCH($H49,[4]Sheet1!$A$2:$A$36,0)) -> 0.057692308 | AK49: =INDEX([4]Sheet1!V$2:V$36,MATCH($H49,[4]Sheet1!$A$2:$A$36,0)) -> 0 | AL49: =INDEX([4]Sheet1!W$2:W$36,MATCH($H49,[4]Sheet1!$A$2:$A$36,0)) -> 23.076923 | AM49: =INDEX([4]Sheet1!N$2:N$36,MATCH($H49,[4]Sheet1!$A$2:$A$36,0)) -> 3900 | AN49: =INDEX([4]Sheet1!O$2:O$36,MATCH($H49,[4]Sheet1!$A$2:$A$36,0))
A50: 1003 | B50: 11 | C50: ="{"&K50&","&ROUNDUP(M50,0)&"},"&"{"&L50&","&ROUNDUP(N50,0)&"}" -> {10121,32},{21003,61} | D50: 500000 | E50: 68 | F50: ="{1,"&INT(S50*P50)&"},{2,"&INT(Q50*P50)&"},"&IF(R50=0,"","{3,"&INT(R50*P50)&"},")&"{6,"&INT(T50*P50)&"}" -> {1,1866},{2,559},{6,431} | G50: =1 -> 1 | H50: 犀牛坦克 | I50: {=INDEX([1]英雄界面!$I$4:$I$41,MATCH(A50,[1]英雄界面!$A$4:$A$41,0))} -> 1 | J50: =1 -> 1 | K50: =CHOOSE(J50,INDEX([2]勋章!$I$7:$I$24,MATCH($B50,[2]勋章!$G$7:$G$24,0)),INDEX([2]勋章!$M$7:$M$24,MATCH($B50,[2]勋章!$G$7:$G$24,0)),INDEX([2]勋章!$P$7:$P$24,MATCH($B50,[2]勋章!$G$7:$G$24,0)),INDEX([2]勋章!$S$7:$S$24,MATCH($B50,[2]勋章!$G$7:$G$24,0))) -> 10121 | L50: {=INDEX([2]图纸掉落!$H$4:$H$38,MATCH(H50,[2]图纸掉落!$G$4:$G$38,0))} -> 21003 | M50: =M32 -> 32 | N50: =N32 -> 61 | O50: =INDEX([1]英雄界面!$J$4:$J$41,MATCH(A50,[1]英雄界面!$A$4:$A$41,0))/2 -> 0.5 | P50: =P32 -> 1 | Q50: =INT(INDEX([1]等级属性!B$4:B$203,MATCH($AC50,[1]等级属性!$A$4:$A$203,0))*V50/10000) -> 559 | R50: =INT(INDEX([1]等级属性!C$4:C$203,MATCH($AC50,[1]等级属性!$A$4:$A$203,0))*W50/10000) -> 0 | S50: =INT(INDEX([1]等级属性!D$4:D$203,MATCH($AC50,[1]等级属性!$A$4:$A$203,0))*X50/10000) -> 1866 | T50: =INT(INDEX([1]等级属性!E$4:E$203,MATCH($AC50,[1]等级属性!$A$4:$A$203,0))*Y50/10000) -> 431 | V50: {=INDEX(单位特点规划!D$2:D$37,MATCH($A50,单位特点规划!$A$2:$A$37,0))} -> 9000 | W50: {=INDEX(单位特点规划!E$2:E$37,MATCH($A50,单位特点规划!$A$2:$A$37,0))} -> 0 | X50: {=INDEX(单位特点规划!F$2:F$37,MATCH($A50,单位特点规划!$A$2:$A$37,0))} -> 10000 | Y50: {=INDEX(单位特点规划!G$2:G$37,MATCH($A50,单位特点规划!$A$2:$A$37,0))} -> 10000 | AA50: =1/0.81 -> 1.2345679 | AB50: =INT(INDEX([3]进阶属性!$C$2:$C$19,MATCH(B50,[3]进阶属性!$A$2:$A$19,0))/2*AH50) -> 4095 | AC50: =AC32 -> 70 | AD50: =INT((INDEX([3]标准单位!$J$2:$J$201,MATCH($AC50,[3]标准单位!$A$2:$A$201,0))*AE50)/(1-AE50)) -> 0 | AE50: =0 -> 0 | AF50: =AG50/AG$14 -> 0.61640653 | AG50: =(Q50/AM50*1000+IF(AN50<>"",R50/AN50*1000,0)+S50/3+T50/5)/AH50 -> 425.76667 | AH50: {=INDEX([4]Sheet1!H$2:H$36,MATCH($H50,[4]Sheet1!$A$2:$A$36,0))} -> 2 | AI50: =INDEX([4]Sheet1!T$2:T$36,MATCH($H50,[4]Sheet1!$A$2:$A$36,0)) -> 0 | AJ50: =INDEX([4]Sheet1!U$2:U$36,MATCH($H50,[4]Sheet1!$A$2:$A$36,0)) -> 0.057692308 | AK50: =INDEX([4]Sheet1!V$2:V$36,MATCH($H50,[4]Sheet1!$A$2:$A$36,0)) -> 0 | AL50: =INDEX([4]Sheet1!W$2:W$36,MATCH($H50,[4]Sheet1!$A$2:$A$36,0)) -> 23.076923 | AM50: =INDEX([4]Sheet1!N$2:N$36,MATCH($H50,[4]Sheet1!$A$2:$A$36,0)) -> 3900 | AN50: =INDEX([4]Sheet1!O$2:O$36,MATCH($H50,[4]Sheet1!$A$2:$A$36,0))
A51: 1003 | B51: 12 | C51: ="{"&K51&","&ROUNDUP(M51,0)&"},"&"{"&L51&","&ROUNDUP(N51,0)&"}" -> {10122,35},{21003,66} | D51: 550000 | E51: 73 | F51: ="{1,"&INT(S51*P51)&"},{2,"&INT(Q51*P51)&"},"&IF(R51=0,"","{3,"&INT(R51*P51)&"},")&"{6,"&INT(T51*P51)&"}" -> {1,2145},{2,643},{6,495} | G51: =1 -> 1 | H51: 犀牛坦克 | I51: {=INDEX([1]英雄界面!$I$4:$I$41,MATCH(A51,[1]英雄界面!$A$4:$A$41,0))} -> 1 | J51: =1 -> 1 | K51: =CHOOSE(J51,INDEX([2]勋章!$I$7:$I$24,MATCH($B51,[2]勋章!$G$7:$G$24,0)),INDEX([2]勋章!$M$7:$M$24,MATCH($B51,[2]勋章!$G$7:$G$24,0)),INDEX([2]勋章!$P$7:$P$24,MATCH($B51,[2]勋章!$G$7:$G$24,0)),INDEX([2]勋章!$S$7:$S$24,MATCH($B51,[2]勋章!$G$7:$G$24,0))) -> 10122 | L51: {=INDEX([2]图纸掉落!$H$4:$H$38,MATCH(H51,[2]图纸掉落!$G$4:$G$38,0))} -> 21003 | M51: =M33 -> 35 | N51: =N33 -> 66 | O51: =INDEX([1]英雄界面!$J$4:$J$41,MATCH(A51,[1]英雄界面!$A$4:$A$41,0))/2 -> 0.5 | P51: =P33 -> 1 | Q51: =INT(INDEX([1]等级属性!B$4:B$203,MATCH($AC51,[1]等级属性!$A$4:$A$203,0))*V51/10000) -> 643 | R51: =INT(INDEX([1]等级属性!C$4:C$203,MATCH($AC51,[1]等级属性!$A$4:$A$203,0))*W51/10000) -> 0 | S51: =INT(INDEX([1]等级属性!D$4:D$203,MATCH($AC51,[1]等级属性!$A$4:$A$203,0))*X51/10000) -> 2145 | T51: =INT(INDEX([1]等级属性!E$4:E$203,MATCH($AC51,[1]等级属性!$A$4:$A$203,0))*Y51/10000) -> 495 | V51: {=INDEX(单位特点规划!D$2:D$37,MATCH($A51,单位特点规划!$A$2:$A$37,0))} -> 9000 | W51: {=INDEX(单位特点规划!E$2:E$37,MATCH($A51,单位特点规划!$A$2:$A$37,0))} -> 0 | X51: {=INDEX(单位特点规划!F$2:F$37,MATCH($A51,单位特点规划!$A$2:$A$37,0))} -> 10000 | Y51: {=INDEX(单位特点规划!G$2:G$37,MATCH($A51,单位特点规划!$A$2:$A$37,0))} -> 10000 | AA51: =1/0.81 -> 1.2345679 | AB51: =INT(INDEX([3]进阶属性!$C$2:$C$19,MATCH(B51,[3]进阶属性!$A$2:$A$19,0))/2*AH51) -> 5322 | AC51: =AC33 -> 75 | AD51: =INT((INDEX([3]标准单位!$J$2:$J$201,MATCH($AC51,[3]标准单位!$A$2:$A$201,0))*AE51)/(1-AE51)) -> 0 | AE51: =0 -> 0 | AF51: =AG51/AG$15 -> 0.61652893 | AG51: =(Q51/AM51*1000+IF(AN51<>"",R51/AN51*1000,0)+S51/3+T51/5)/AH51 -> 489.4359 | AH51: {=INDEX([4]Sheet1!H$2:H$36,MATCH($H51,[4]Sheet1!$A$2:$A$36,0))} -> 2 | AI51: =INDEX([4]Sheet1!T$2:T$36,MATCH($H51,[4]Sheet1!$A$2:$A$36,0)) -> 0 | AJ51: =INDEX([4]Sheet1!U$2:U$36,MATCH($H51,[4]Sheet1!$A$2:$A$36,0)) -> 0.057692308 | AK51: =INDEX([4]Sheet1!V$2:V$36,MATCH($H51,[4]Sheet1!$A$2:$A$36,0)) -> 0 | AL51: =INDEX([4]Sheet1!W$2:W$36,MATCH($H51,[4]Sheet1!$A$2:$A$36,0)) -> 23.076923 | AM51: =INDEX([4]Sheet1!N$2:N$36,MATCH($H51,[4]Sheet1!$A$2:$A$36,0)) -> 3900 | AN51: =INDEX([4]Sheet1!O$2:O$36,MATCH($H51,[4]Sheet1!$A$2:$A$36,0))
A52: 1003 | B52: 13 | C52: ="{"&K52&","&ROUNDUP(M52,0)&"},"&"{"&L52&","&ROUNDUP(N52,0)&"}" -> {10123,37},{21003,70} | D52: 600000 | E52: 78 | F52: ="{1,"&INT(S52*P52)&"},{2,"&INT(Q52*P52)&"},"&IF(R52=0,"","{3,"&INT(R52*P52)&"},")&"{6,"&INT(T52*P52)&"}" -> {1,2424},{2,727},{6,560} | G52: =1 -> 1 | H52: 犀牛坦克 | I52: {=INDEX([1]英雄界面!$I$4:$I$41,MATCH(A52,[1]英雄界面!$A$4:$A$41,0))} -> 1 | J52: =1 -> 1 | K52: =CHOOSE(J52,INDEX([2]勋章!$I$7:$I$24,MATCH($B52,[2]勋章!$G$7:$G$24,0)),INDEX([2]勋章!$M$7:$M$24,MATCH($B52,[2]勋章!$G$7:$G$24,0)),INDEX([2]勋章!$P$7:$P$24,MATCH($B52,[2]勋章!$G$7:$G$24,0)),INDEX([2]勋章!$S$7:$S$24,MATCH($B52,[2]勋章!$G$7:$G$24,0))) -> 10123 | L52: {=INDEX([2]图纸掉落!$H$4:$H$38,MATCH(H52,[2]图纸掉落!$G$4:$G$38,0))} -> 21003 | M52: =M34 -> 37 | N52: =N34 -> 70 | O52: =INDEX([1]英雄界面!$J$4:$J$41,MATCH(A52,[1]英雄界面!$A$4:$A$41,0))/2 -> 0.5 | P52: =P34 -> 1 | Q52: =INT(INDEX([1]等级属性!B$4:B$203,MATCH($AC52,[1]等级属性!$A$4:$A$203,0))*V52/10000) -> 727 | R52: =INT(INDEX([1]等级属性!C$4:C$203,MATCH($AC52,[1]等级属性!$A$4:$A$203,0))*W52/10000) -> 0 | S52: =INT(INDEX([1]等级属性!D$4:D$203,MATCH($AC52,[1]等级属性!$A$4:$A$203,0))*X52/10000) -> 2424 | T52: =INT(INDEX([1]等级属性!E$4:E$203,MATCH($AC52,[1]等级属性!$A$4:$A$203,0))*Y52/10000) -> 560 | V52: {=INDEX(单位特点规划!D$2:D$37,MATCH($A52,单位特点规划!$A$2:$A$37,0))} -> 9000 | W52: {=INDEX(单位特点规划!E$2:E$37,MATCH($A52,单位特点规划!$A$2:$A$37,0))} -> 0 | X52: {=INDEX(单位特点规划!F$2:F$37,MATCH($A52,单位特点规划!$A$2:$A$37,0))} -> 10000 | Y52: {=INDEX(单位特点规划!G$2:G$37,MATCH($A52,单位特点规划!$A$2:$A$37,0))} -> 10000 | AA52: =1/0.81 -> 1.2345679 | AB52: =INT(INDEX([3]进阶属性!$C$2:$C$19,MATCH(B52,[3]进阶属性!$A$2:$A$19,0))/2*AH52) -> 6918 | AC52: =AC34 -> 80 | AD52: =INT((INDEX([3]标准单位!$J$2:$J$201,MATCH($AC52,[3]标准单位!$A$2:$A$201,0))*AE52)/(1-AE52)) -> 0 | AE52: =0 -> 0 | AF52: =AG52/AG$16 -> 0.61644669 | AG52: =(Q52/AM52*1000+IF(AN52<>"",R52/AN52*1000,0)+S52/3+T52/5)/AH52 -> 553.20513 | AH52: {=INDEX([4]Sheet1!H$2:H$36,MATCH($H52,[4]Sheet1!$A$2:$A$36,0))} -> 2 | AI52: =INDEX([4]Sheet1!T$2:T$36,MATCH($H52,[4]Sheet1!$A$2:$A$36,0)) -> 0 | AJ52: =INDEX([4]Sheet1!U$2:U$36,MATCH($H52,[4]Sheet1!$A$2:$A$36,0)) -> 0.057692308 | AK52: =INDEX([4]Sheet1!V$2:V$36,MATCH($H52,[4]Sheet1!$A$2:$A$36,0)) -> 0 | AL52: =INDEX([4]Sheet1!W$2:W$36,MATCH($H52,[4]Sheet1!$A$2:$A$36,0)) -> 23.076923 | AM52: =INDEX([4]Sheet1!N$2:N$36,MATCH($H52,[4]Sheet1!$A$2:$A$36,0)) -> 3900 | AN52: =INDEX([4]Sheet1!O$2:O$36,MATCH($H52,[4]Sheet1!$A$2:$A$36,0))
A53: 1003 | B53: 14 | C53: ="{"&K53&","&ROUNDUP(M53,0)&"},"&"{"&L53&","&ROUNDUP(N53,0)&"}" -> {10124,40},{21003,91} | D53: 650000 | E53: 83 | F53: ="{1,"&INT(S53*P53)&"},{2,"&INT(Q53*P53)&"},"&IF(R53=0,"","{3,"&INT(R53*P53)&"},")&"{6,"&INT(T53*P53)&"}" -> {1,2787},{2,836},{6,643} | G53: =1 -> 1 | H53: 犀牛坦克 | I53: {=INDEX([1]英雄界面!$I$4:$I$41,MATCH(A53,[1]英雄界面!$A$4:$A$41,0))} -> 1 | J53: =1 -> 1 | K53: =CHOOSE(J53,INDEX([2]勋章!$I$7:$I$24,MATCH($B53,[2]勋章!$G$7:$G$24,0)),INDEX([2]勋章!$M$7:$M$24,MATCH($B53,[2]勋章!$G$7:$G$24,0)),INDEX([2]勋章!$P$7:$P$24,MATCH($B53,[2]勋章!$G$7:$G$24,0)),INDEX([2]勋章!$S$7:$S$24,MATCH($B53,[2]勋章!$G$7:$G$24,0))) -> 10124 | L53: {=INDEX([2]图纸掉落!$H$4:$H$38,MATCH(H53,[2]图纸掉落!$G$4:$G$38,0))} -> 21003 | M53: =M35 -> 40 | N53: =N35 -> 91 | O53: =INDEX([1]英雄界面!$J$4:$J$41,MATCH(A53,[1]英雄界面!$A$4:$A$41,0))/2 -> 0.5 | P53: =P35 -> 1 | Q53: =INT(INDEX([1]等级属性!B$4:B$203,MATCH($AC53,[1]等级属性!$A$4:$A$203,0))*V53/10000) -> 836 | R53: =INT(INDEX([1]等级属性!C$4:C$203,MATCH($AC53,[1]等级属性!$A$4:$A$203,0))*W53/10000) -> 0 | S53: =INT(INDEX([1]等级属性!D$4:D$203,MATCH($AC53,[1]等级属性!$A$4:$A$203,0))*X53/10000) -> 2787 | T53: =INT(INDEX([1]等级属性!E$4:E$203,MATCH($AC53,[1]等级属性!$A$4:$A$203,0))*Y53/10000) -> 643 | V53: {=INDEX(单位特点规划!D$2:D$37,MATCH($A53,单位特点规划!$A$2:$A$37,0))} -> 9000 | W53: {=INDEX(单位特点规划!E$2:E$37,MATCH($A53,单位特点规划!$A$2:$A$37,0))} -> 0 | X53: {=INDEX(单位特点规划!F$2:F$37,MATCH($A53,单位特点规划!$A$2:$A$37,0))} -> 10000 | Y53: {=INDEX(单位特点规划!G$2:G$37,MATCH($A53,单位特点规划!$A$2:$A$37,0))} -> 10000 | AA53: =1/0.81 -> 1.2345679 | AB53: =INT(INDEX([3]进阶属性!$C$2:$C$19,MATCH(B53,[3]进阶属性!$A$2:$A$19,0))/2*AH53) -> 8991 | AC53: =AC35 -> 85 | AD53: =INT((INDEX([3]标准单位!$J$2:$J$201,MATCH($AC53,[3]标准单位!$A$2:$A$201,0))*AE53)/(1-AE53)) -> 0 | AE53: =0 -> 0 | AF53: =AG53/AG$17 -> 0.61647538 | AG53: =(Q53/AM53*1000+IF(AN53<>"",R53/AN53*1000,0)+S53/3+T53/5)/AH53 -> 635.97949 | AH53: {=INDEX([4]Sheet1!H$2:H$36,MATCH($H53,[4]Sheet1!$A$2:$A$36,0))} -> 2 | AI53: =INDEX([4]Sheet1!T$2:T$36,MATCH($H53,[4]Sheet1!$A$2:$A$36,0)) -> 0 | AJ53: =INDEX([4]Sheet1!U$2:U$36,MATCH($H53,[4]Sheet1!$A$2:$A$36,0)) -> 0.057692308 | AK53: =INDEX([4]Sheet1!V$2:V$36,MATCH($H53,[4]Sheet1!$A$2:$A$36,0)) -> 0 | AL53: =INDEX([4]Sheet1!W$2:W$36,MATCH($H53,[4]Sheet1!$A$2:$A$36,0)) -> 23.076923 | AM53: =INDEX([4]Sheet1!N$2:N$36,MATCH($H53,[4]Sheet1!$A$2:$A$36,0)) -> 3900 | AN53: =INDEX([4]Sheet1!O$2:O$36,MATCH($H53,[4]Sheet1!$A$2:$A$36,0))
A54: 1003 | B54: 15 | C54: ="{"&K54&","&ROUNDUP(M54,0)&"},"&"{"&L54&","&ROUNDUP(N54,0)&"}" -> {10125,42},{21003,95} | D54: 700000 | E54: 88 | F54: ="{1,"&INT(S54*P54)&"},{2,"&INT(Q54*P54)&"},"&IF(R54=0,"","{3,"&INT(R54*P54)&"},")&"{6,"&INT(T54*P54)&"}" -> {1,3150},{2,945},{6,729} | G54: =1 -> 1 | H54: 犀牛坦克 | I54: {=INDEX([1]英雄界面!$I$4:$I$41,MATCH(A54,[1]英雄界面!$A$4:$A$41,0))} -> 1 | J54: =1 -> 1 | K54: =CHOOSE(J54,INDEX([2]勋章!$I$7:$I$24,MATCH($B54,[2]勋章!$G$7:$G$24,0)),INDEX([2]勋章!$M$7:$M$24,MATCH($B54,[2]勋章!$G$7:$G$24,0)),INDEX([2]勋章!$P$7:$P$24,MATCH($B54,[2]勋章!$G$7:$G$24,0)),INDEX([2]勋章!$S$7:$S$24,MATCH($B54,[2]勋章!$G$7:$G$24,0))) -> 10125 | L54: {=INDEX([2]图纸掉落!$H$4:$H$38,MATCH(H54,[2]图纸掉落!$G$4:$G$38,0))} -> 21003 | M54: =M36 -> 42 | N54: =N36 -> 95 | O54: =INDEX([1]英雄界面!$J$4:$J$41,MATCH(A54,[1]英雄界面!$A$4:$A$41,0))/2 -> 0.5 | P54: =P36 -> 1 | Q54: =INT(INDEX([1]等级属性!B$4:B$203,MATCH($AC54,[1]等级属性!$A$4:$A$203,0))*V54/10000) -> 945 | R54: =INT(INDEX([1]等级属性!C$4:C$203,MATCH($AC54,[1]等级属性!$A$4:$A$203,0))*W54/10000) -> 0 | S54: =INT(INDEX([1]等级属性!D$4:D$203,MATCH($AC54,[1]等级属性!$A$4:$A$203,0))*X54/10000) -> 3150 | T54: =INT(INDEX([1]等级属性!E$4:E$203,MATCH($AC54,[1]等级属性!$A$4:$A$203,0))*Y54/10000) -> 729 | V54: {=INDEX(单位特点规划!D$2:D$37,MATCH($A54,单位特点规划!$A$2:$A$37,0))} -> 9000 | W54: {=INDEX(单位特点规划!E$2:E$37,MATCH($A54,单位特点规划!$A$2:$A$37,0))} -> 0 | X54: {=INDEX(单位特点规划!F$2:F$37,MATCH($A54,单位特点规划!$A$2:$A$37,0))} -> 10000 | Y54: {=INDEX(单位特点规划!G$2:G$37,MATCH($A54,单位特点规划!$A$2:$A$37,0))} -> 10000 | AA54: =1/0.81 -> 1.2345679 | AB54: =INT(INDEX([3]进阶属性!$C$2:$C$19,MATCH(B54,[3]进阶属性!$A$2:$A$19,0))/2*AH54) -> 11688 | AC54: =AC36 -> 90 | AD54: =INT((INDEX([3]标准单位!$J$2:$J$201,MATCH($AC54,[3]标准单位!$A$2:$A$201,0))*AE54)/(1-AE54)) -> 0 | AE54: =0 -> 0 | AF54: =AG54/AG$18 -> 0.61643754 | AG54: =(Q54/AM54*1000+IF(AN54<>"",R54/AN54*1000,0)+S54/3+T54/5)/AH54 -> 719.05385 | AH54: {=INDEX([4]Sheet1!H$2:H$36,MATCH($H54,[4]Sheet1!$A$2:$A$36,0))} -> 2 | AI54: =INDEX([4]Sheet1!T$2:T$36,MATCH($H54,[4]Sheet1!$A$2:$A$36,0)) -> 0 | AJ54: =INDEX([4]Sheet1!U$2:U$36,MATCH($H54,[4]Sheet1!$A$2:$A$36,0)) -> 0.057692308 | AK54: =INDEX([4]Sheet1!V$2:V$36,MATCH($H54,[4]Sheet1!$A$2:$A$36,0)) -> 0 | AL54: =INDEX([4]Sheet1!W$2:W$36,MATCH($H54,[4]Sheet1!$A$2:$A$36,0)) -> 23.076923 | AM54: =INDEX([4]Sheet1!N$2:N$36,MATCH($H54,[4]Sheet1!$A$2:$A$36,0)) -> 3900 | AN54: =INDEX([4]Sheet1!O$2:O$36,MATCH($H54,[4]Sheet1!$A$2:$A$36,0))
A55: 1003 | B55: 16 | C55: ="{"&K55&","&ROUNDUP(M55,0)&"},"&"{"&L55&","&ROUNDUP(N55,0)&"}" -> {10126,45},{21003,101} | D55: 750000 | E55: 93 | F55: ="{1,"&INT(S55*P55)&"},{2,"&INT(Q55*P55)&"},"&IF(R55=0,"","{3,"&INT(R55*P55)&"},")&"{6,"&INT(T55*P55)&"}" -> {1,3621},{2,1086},{6,837} | G55: =1 -> 1 | H55: 犀牛坦克 | I55: {=INDEX([1]英雄界面!$I$4:$I$41,MATCH(A55,[1]英雄界面!$A$4:$A$41,0))} -> 1 | J55: =1 -> 1 | K55: =CHOOSE(J55,INDEX([2]勋章!$I$7:$I$24,MATCH($B55,[2]勋章!$G$7:$G$24,0)),INDEX([2]勋章!$M$7:$M$24,MATCH($B55,[2]勋章!$G$7:$G$24,0)),INDEX([2]勋章!$P$7:$P$24,MATCH($B55,[2]勋章!$G$7:$G$24,0)),INDEX([2]勋章!$S$7:$S$24,MATCH($B55,[2]勋章!$G$7:$G$24,0))) -> 10126 | L55: {=INDEX([2]图纸掉落!$H$4:$H$38,MATCH(H55,[2]图纸掉落!$G$4:$G$38,0))} -> 21003 | M55: =M37 -> 45 | N55: =N37 -> 101 | O55: =INDEX([1]英雄界面!$J$4:$J$41,MATCH(A55,[1]英雄界面!$A$4:$A$41,0))/2 -> 0.5 | P55: =P37 -> 1 | Q55: =INT(INDEX([1]等级属性!B$4:B$203,MATCH($AC55,[1]等级属性!$A$4:$A$203,0))*V55/10000) -> 1086 | R55: =INT(INDEX([1]等级属性!C$4:C$203,MATCH($AC55,[1]等级属性!$A$4:$A$203,0))*W55/10000) -> 0 | S55: =INT(INDEX([1]等级属性!D$4:D$203,MATCH($AC55,[1]等级属性!$A$4:$A$203,0))*X55/10000) -> 3621 | T55: =INT(INDEX([1]等级属性!E$4:E$203,MATCH($AC55,[1]等级属性!$A$4:$A$203,0))*Y55/10000) -> 837 | V55: {=INDEX(单位特点规划!D$2:D$37,MATCH($A55,单位特点规划!$A$2:$A$37,0))} -> 9000 | W55: {=INDEX(单位特点规划!E$2:E$37,MATCH($A55,单位特点规划!$A$2:$A$37,0))} -> 0 | X55: {=INDEX(单位特点规划!F$2:F$37,MATCH($A55,单位特点规划!$A$2:$A$37,0))} -> 10000 | Y55: {=INDEX(单位特点规划!G$2:G$37,MATCH($A55,单位特点规划!$A$2:$A$37,0))} -> 10000 | AA55: =1/0.81 -> 1.2345679 | AB55: =INT(INDEX([3]进阶属性!$C$2:$C$19,MATCH(B55,[3]进阶属性!$A$2:$A$19,0))/2*AH55) -> 15192 | AC55: =AC37 -> 95 | AD55: =INT((INDEX([3]标准单位!$J$2:$J$201,MATCH($AC55,[3]标准单位!$A$2:$A$201,0))*AE55)/(1-AE55)) -> 0 | AE55: =0 -> 0 | AF55: =AG55/AG$19 -> 0.61646992 | AG55: =(Q55/AM55*1000+IF(AN55<>"",R55/AN55*1000,0)+S55/3+T55/5)/AH55 -> 826.43077 | AH55: {=INDEX([4]Sheet1!H$2:H$36,MATCH($H55,[4]Sheet1!$A$2:$A$36,0))} -> 2 | AI55: =INDEX([4]Sheet1!T$2:T$36,MATCH($H55,[4]Sheet1!$A$2:$A$36,0)) -> 0 | AJ55: =INDEX([4]Sheet1!U$2:U$36,MATCH($H55,[4]Sheet1!$A$2:$A$36,0)) -> 0.057692308 | AK55: =INDEX([4]Sheet1!V$2:V$36,MATCH($H55,[4]Sheet1!$A$2:$A$36,0)) -> 0 | AL55: =INDEX([4]Sheet1!W$2:W$36,MATCH($H55,[4]Sheet1!$A$2:$A$36,0)) -> 23.076923 | AM55: =INDEX([4]Sheet1!N$2:N$36,MATCH($H55,[4]Sheet1!$A$2:$A$36,0)) -> 3900 | AN55: =INDEX([4]Sheet1!O$2:O$36,MATCH($H55,[4]Sheet1!$A$2:$A$36,0))
A56: 1003 | B56: 17 | C56: ="{"&K56&","&ROUNDUP(M56,0)&"},"&"{"&L56&","&ROUNDUP(N56,0)&"}" -> {10127,47},{21003,105} | D56: 800000 | E56: 98 | F56: ="{1,"&INT(S56*P56)&"},{2,"&INT(Q56*P56)&"},"&IF(R56=0,"","{3,"&INT(R56*P56)&"},")&"{6,"&INT(T56*P56)&"}" -> {1,4095},{2,1228},{6,947} | G56: =1 -> 1 | H56: 犀牛坦克 | I56: {=INDEX([1]英雄界面!$I$4:$I$41,MATCH(A56,[1]英雄界面!$A$4:$A$41,0))} -> 1 | J56: =1 -> 1 | K56: =CHOOSE(J56,INDEX([2]勋章!$I$7:$I$24,MATCH($B56,[2]勋章!$G$7:$G$24,0)),INDEX([2]勋章!$M$7:$M$24,MATCH($B56,[2]勋章!$G$7:$G$24,0)),INDEX([2]勋章!$P$7:$P$24,MATCH($B56,[2]勋章!$G$7:$G$24,0)),INDEX([2]勋章!$S$7:$S$24,MATCH($B56,[2]勋章!$G$7:$G$24,0))) -> 10127 | L56: {=INDEX([2]图纸掉落!$H$4:$H$38,MATCH(H56,[2]图纸掉落!$G$4:$G$38,0))} -> 21003 | M56: =M38 -> 47 | N56: =N38 -> 105 | O56: =INDEX([1]英雄界面!$J$4:$J$41,MATCH(A56,[1]英雄界面!$A$4:$A$41,0))/2 -> 0.5 | P56: =P38 -> 1 | Q56: =INT(INDEX([1]等级属性!B$4:B$203,MATCH($AC56,[1]等级属性!$A$4:$A$203,0))*V56/10000) -> 1228 | R56: =INT(INDEX([1]等级属性!C$4:C$203,MATCH($AC56,[1]等级属性!$A$4:$A$203,0))*W56/10000) -> 0 | S56: =INT(INDEX([1]等级属性!D$4:D$203,MATCH($AC56,[1]等级属性!$A$4:$A$203,0))*X56/10000) -> 4095 | T56: =INT(INDEX([1]等级属性!E$4:E$203,MATCH($AC56,[1]等级属性!$A$4:$A$203,0))*Y56/10000) -> 947 | V56: {=INDEX(单位特点规划!D$2:D$37,MATCH($A56,单位特点规划!$A$2:$A$37,0))} -> 9000 | W56: {=INDEX(单位特点规划!E$2:E$37,MATCH($A56,单位特点规划!$A$2:$A$37,0))} -> 0 | X56: {=INDEX(单位特点规划!F$2:F$37,MATCH($A56,单位特点规划!$A$2:$A$37,0))} -> 10000 | Y56: {=INDEX(单位特点规划!G$2:G$37,MATCH($A56,单位特点规划!$A$2:$A$37,0))} -> 10000 | AA56: =1/0.81 -> 1.2345679 | AB56: =INT(INDEX([3]进阶属性!$C$2:$C$19,MATCH(B56,[3]进阶属性!$A$2:$A$19,0))/2*AH56) -> 19749 | AC56: =AC38 -> 100 | AD56: =INT((INDEX([3]标准单位!$J$2:$J$201,MATCH($AC56,[3]标准单位!$A$2:$A$201,0))*AE56)/(1-AE56)) -> 0 | AE56: =0 -> 0 | AF56: =AG56/AG$20 -> 0.6164157 | AG56: =(Q56/AM56*1000+IF(AN56<>"",R56/AN56*1000,0)+S56/3+T56/5)/AH56 -> 934.6359 | AH56: {=INDEX([4]Sheet1!H$2:H$36,MATCH($H56,[4]Sheet1!$A$2:$A$36,0))} -> 2 | AI56: =INDEX([4]Sheet1!T$2:T$36,MATCH($H56,[4]Sheet1!$A$2:$A$36,0)) -> 0 | AJ56: =INDEX([4]Sheet1!U$2:U$36,MATCH($H56,[4]Sheet1!$A$2:$A$36,0)) -> 0.057692308 | AK56: =INDEX([4]Sheet1!V$2:V$36,MATCH($H56,[4]Sheet1!$A$2:$A$36,0)) -> 0 | AL56: =INDEX([4]Sheet1!W$2:W$36,MATCH($H56,[4]Sheet1!$A$2:$A$36,0)) -> 23.076923 | AM56: =INDEX([4]Sheet1!N$2:N$36,MATCH($H56,[4]Sheet1!$A$2:$A$36,0)) -> 3900 | AN56: =INDEX([4]Sheet1!O$2:O$36,MATCH($H56,[4]Sheet1!$A$2:$A$36,0))
A57: 1003 | B57: 18 | C57: ="{"&K57&","&ROUNDUP(M57,0)&"},"&"{"&L57&","&ROUNDUP(N57,0)&"}" -> {10128,50},{21003,112} | D57: 800000 | E57: 103 | F57: ="{1,"&INT(S57*P57)&"},{2,"&INT(Q57*P57)&"},"&IF(R57=0,"","{3,"&INT(R57*P57)&"},")&"{6,"&INT(T57*P57)&"}" -> {1,4707},{2,1412},{6,1089} | G57: =1 -> 1 | H57: 犀牛坦克 | I57: {=INDEX([1]英雄界面!$I$4:$I$41,MATCH(A57,[1]英雄界面!$A$4:$A$41,0))} -> 1 | J57: =1 -> 1 | K57: =CHOOSE(J57,INDEX([2]勋章!$I$7:$I$24,MATCH($B57,[2]勋章!$G$7:$G$24,0)),INDEX([2]勋章!$M$7:$M$24,MATCH($B57,[2]勋章!$G$7:$G$24,0)),INDEX([2]勋章!$P$7:$P$24,MATCH($B57,[2]勋章!$G$7:$G$24,0)),INDEX([2]勋章!$S$7:$S$24,MATCH($B57,[2]勋章!$G$7:$G$24,0))) -> 10128 | L57: {=INDEX([2]图纸掉落!$H$4:$H$38,MATCH(H57,[2]图纸掉落!$G$4:$G$38,0))} -> 21003 | M57: =M39 -> 50 | N57: =N39 -> 112 | O57: =INDEX([1]英雄界面!$J$4:$J$41,MATCH(A57,[1]英雄界面!$A$4:$A$41,0))/2 -> 0.5 | P57: =P39 -> 1 | Q57: =INT(INDEX([1]等级属性!B$4:B$203,MATCH($AC57,[1]等级属性!$A$4:$A$203,0))*V57/10000) -> 1412 | R57: =INT(INDEX([1]等级属性!C$4:C$203,MATCH($AC57,[1]等级属性!$A$4:$A$203,0))*W57/10000) -> 0 | S57: =INT(INDEX([1]等级属性!D$4:D$203,MATCH($AC57,[1]等级属性!$A$4:$A$203,0))*X57/10000) -> 4707 | T57: =INT(INDEX([1]等级属性!E$4:E$203,MATCH($AC57,[1]等级属性!$A$4:$A$203,0))*Y57/10000) -> 1089 | V57: {=INDEX(单位特点规划!D$2:D$37,MATCH($A57,单位特点规划!$A$2:$A$37,0))} -> 9000 | W57: {=INDEX(单位特点规划!E$2:E$37,MATCH($A57,单位特点规划!$A$2:$A$37,0))} -> 0 | X57: {=INDEX(单位特点规划!F$2:F$37,MATCH($A57,单位特点规划!$A$2:$A$37,0))} -> 10000 | Y57: {=INDEX(单位特点规划!G$2:G$37,MATCH($A57,单位特点规划!$A$2:$A$37,0))} -> 10000 | AA57: =1/0.81 -> 1.2345679 | AB57: =INT(INDEX([3]进阶属性!$C$2:$C$19,MATCH(B57,[3]进阶属性!$A$2:$A$19,0))/2*AH57) -> 25671 | AC57: =AC39 -> 105 | AD57: =INT((INDEX([3]标准单位!$J$2:$J$201,MATCH($AC57,[3]标准单位!$A$2:$A$201,0))*AE57)/(1-AE57)) -> 0 | AE57: =0 -> 0 | AF57: =AG57/AG$21 -> 0.61645857 | AG57: =(Q57/AM57*1000+IF(AN57<>"",R57/AN57*1000,0)+S57/3+T57/5)/AH57 -> 1074.4256 | AH57: {=INDEX([4]Sheet1!H$2:H$36,MATCH($H57,[4]Sheet1!$A$2:$A$36,0))} -> 2 | AI57: =INDEX([4]Sheet1!T$2:T$36,MATCH($H57,[4]Sheet1!$A$2:$A$36,0)) -> 0 | AJ57: =INDEX([4]Sheet1!U$2:U$36,MATCH($H57,[4]Sheet1!$A$2:$A$36,0)) -> 0.057692308 | AK57: =INDEX([4]Sheet1!V$2:V$36,MATCH($H57,[4]Sheet1!$A$2:$A$36,0)) -> 0 | AL57: =INDEX([4]Sheet1!W$2:W$36,MATCH($H57,[4]Sheet1!$A$2:$A$36,0)) -> 23.076923 | AM57: =INDEX([4]Sheet1!N$2:N$36,MATCH($H57,[4]Sheet1!$A$2:$A$36,0)) -> 3900 | AN57: =INDEX([4]Sheet1!O$2:O$36,MATCH($H57,[4]Sheet1!$A$2:$A$36,0))
A58: 1004 | B58: 1 | C58: ="{"&K58&","&ROUNDUP(M58,0)&"},"&"{"&L58&","&ROUNDUP(N58,0)&"}" -> {10111,1},{21004,2} | D58: 1000 | E58: 13 | F58: ="{1,"&INT(S58*P58)&"},{2,"&INT(Q58*P58)&"},"&IF(R58=0,"","{3,"&INT(R58*P58)&"},")&"{6,"&INT(T58*P58)&"}" -> {1,940},{2,416},{6,273} | G58: =1 -> 1 | H58: 坦克杀手 | I58: {=INDEX([1]英雄界面!$I$4:$I$41,MATCH(A58,[1]英雄界面!$A$4:$A$41,0))} -> 85 | J58: =1 -> 1 | K58: =CHOOSE(J58,INDEX([2]勋章!$I$7:$I$24,MATCH($B58,[2]勋章!$G$7:$G$24,0)),INDEX([2]勋章!$M$7:$M$24,MATCH($B58,[2]勋章!$G$7:$G$24,0)),INDEX([2]勋章!$P$7:$P$24,MATCH($B58,[2]勋章!$G$7:$G$24,0)),INDEX([2]勋章!$S$7:$S$24,MATCH($B58,[2]勋章!$G$7:$G$24,0))) -> 10111 | L58: {=INDEX([2]图纸掉落!$H$4:$H$38,MATCH(H58,[2]图纸掉落!$G$4:$G$38,0))} -> 21004 | M58: =M40 -> 1 | N58: =N40 -> 2 | O58: =INDEX([1]英雄界面!$J$4:$J$41,MATCH(A58,[1]英雄界面!$A$4:$A$41,0))/2 -> 2 | P58: =P40 -> 1.6 | Q58: =INT(INDEX([1]等级属性!B$4:B$203,MATCH($AC58,[1]等级属性!$A$4:$A$203,0))*V58/10000) -> 260 | R58: =INT(INDEX([1]等级属性!C$4:C$203,MATCH($AC58,[1]等级属性!$A$4:$A$203,0))*W58/10000) -> 0 | S58: =INT(INDEX([1]等级属性!D$4:D$203,MATCH($AC58,[1]等级属性!$A$4:$A$203,0))*X58/10000) -> 588 | T58: =INT(INDEX([1]等级属性!E$4:E$203,MATCH($AC58,[1]等级属性!$A$4:$A$203,0))*Y58/10000) -> 171 | V58: {=INDEX(单位特点规划!D$2:D$37,MATCH($A58,单位特点规划!$A$2:$A$37,0))} -> 20000 | W58: {=INDEX(单位特点规划!E$2:E$37,MATCH($A58,单位特点规划!$A$2:$A$37,0))} -> 0 | X58: {=INDEX(单位特点规划!F$2:F$37,MATCH($A58,单位特点规划!$A$2:$A$37,0))} -> 15100 | Y58: {=INDEX(单位特点规划!G$2:G$37,MATCH($A58,单位特点规划!$A$2:$A$37,0))} -> 19300 | AA58: =1 -> 1 | AB58: =INT(INDEX([3]进阶属性!$C$2:$C$19,MATCH(B58,[3]进阶属性!$A$2:$A$19,0))/2*AH58) -> 450 | AC58: =AC40 -> 10 | AD58: =INT((INDEX([3]标准单位!$J$2:$J$201,MATCH($AC58,[3]标准单位!$A$2:$A$201,0))*AE58)/(1-AE58)) -> 0 | AE58: =0 -> 0 | AF58: =AG58/AG$4 -> 0.67619079 | AG58: =(Q58/AM58*1000+IF(AN58<>"",R58/AN58*1000,0)+S58/3+T58/5)/AH58 -> 97.368254 | AH58: {=INDEX([4]Sheet1!H$2:H$36,MATCH($H58,[4]Sheet1!$A$2:$A$36,0))} -> 3 | AI58: =INDEX([4]Sheet1!T$2:T$36,MATCH($H58,[4]Sheet1!$A$2:$A$36,0)) -> 0 | AJ58: =INDEX([4]Sheet1!U$2:U$36,MATCH($H58,[4]Sheet1!$A$2:$A$36,0)) -> 11.2 | AK58: =INDEX([4]Sheet1!V$2:V$36,MATCH($H58,[4]Sheet1!$A$2:$A$36,0)) -> 0 | AL58: =INDEX([4]Sheet1!W$2:W$36,MATCH($H58,[4]Sheet1!$A$2:$A$36,0)) -> 35.714286 | AM58: =INDEX([4]Sheet1!N$2:N$36,MATCH($H58,[4]Sheet1!$A$2:$A$36,0)) -> 4200 | AN58: =INDEX([4]Sheet1!O$2:O$36,MATCH($H58,[4]Sheet1!$A$2:$A$36,0))
A59: 1004 | B59: 2 | C59: ="{"&K59&","&ROUNDUP(M59,0)&"},"&"{"&L59&","&ROUNDUP(N59,0)&"}" -> {10112,5},{21004,5} | D59: 5000 | E59: 18 | F59: ="{1,"&INT(S59*P59)&"},{2,"&INT(Q59*P59)&"},"&IF(R59=0,"","{3,"&INT(R59*P59)&"},")&"{6,"&INT(T59*P59)&"}" -> {1,1147},{2,507},{6,334} | G59: =1 -> 1 | H59: 坦克杀手 | I59: {=INDEX([1]英雄界面!$I$4:$I$41,MATCH(A59,[1]英雄界面!$A$4:$A$41,0))} -> 85 | J59: =1 -> 1 | K59: =CHOOSE(J59,INDEX([2]勋章!$I$7:$I$24,MATCH($B59,[2]勋章!$G$7:$G$24,0)),INDEX([2]勋章!$M$7:$M$24,MATCH($B59,[2]勋章!$G$7:$G$24,0)),INDEX([2]勋章!$P$7:$P$24,MATCH($B59,[2]勋章!$G$7:$G$24,0)),INDEX([2]勋章!$S$7:$S$24,MATCH($B59,[2]勋章!$G$7:$G$24,0))) -> 10112 | L59: {=INDEX([2]图纸掉落!$H$4:$H$38,MATCH(H59,[2]图纸掉落!$G$4:$G$38,0))} -> 21004 | M59: =M41 -> 5 | N59: =N41 -> 5 | O59: =INDEX([1]英雄界面!$J$4:$J$41,MATCH(A59,[1]英雄界面!$A$4:$A$41,0))/2 -> 2 | P59: =P41 -> 1.5 | Q59: =INT(INDEX([1]等级属性!B$4:B$203,MATCH($AC59,[1]等级属性!$A$4:$A$203,0))*V59/10000) -> 338 | R59: =INT(INDEX([1]等级属性!C$4:C$203,MATCH($AC59,[1]等级属性!$A$4:$A$203,0))*W59/10000) -> 0 | S59: =INT(INDEX([1]等级属性!D$4:D$203,MATCH($AC59,[1]等级属性!$A$4:$A$203,0))*X59/10000) -> 765 | T59: =INT(INDEX([1]等级属性!E$4:E$203,MATCH($AC59,[1]等级属性!$A$4:$A$203,0))*Y59/10000) -> 223 | V59: {=INDEX(单位特点规划!D$2:D$37,MATCH($A59,单位特点规划!$A$2:$A$37,0))} -> 20000 | W59: {=INDEX(单位特点规划!E$2:E$37,MATCH($A59,单位特点规划!$A$2:$A$37,0))} -> 0 | X59: {=INDEX(单位特点规划!F$2:F$37,MATCH($A59,单位特点规划!$A$2:$A$37,0))} -> 15100 | Y59: {=INDEX(单位特点规划!G$2:G$37,MATCH($A59,单位特点规划!$A$2:$A$37,0))} -> 19300 | AA59: =1 -> 1 | AB59: =INT(INDEX([3]进阶属性!$C$2:$C$19,MATCH(B59,[3]进阶属性!$A$2:$A$19,0))/2*AH59) -> 585 | AC59: =AC41 -> 20 | AD59: =INT((INDEX([3]标准单位!$J$2:$J$201,MATCH($AC59,[3]标准单位!$A$2:$A$201,0))*AE59)/(1-AE59)) -> 0 | AE59: =0 -> 0 | AF59: =AG59/AG$5 -> 0.67665336 | AG59: =(Q59/AM59*1000+IF(AN59<>"",R59/AN59*1000,0)+S59/3+T59/5)/AH59 -> 126.69206 | AH59: {=INDEX([4]Sheet1!H$2:H$36,MATCH($H59,[4]Sheet1!$A$2:$A$36,0))} -> 3 | AI59: =INDEX([4]Sheet1!T$2:T$36,MATCH($H59,[4]Sheet1!$A$2:$A$36,0)) -> 0 | AJ59: =INDEX([4]Sheet1!U$2:U$36,MATCH($H59,[4]Sheet1!$A$2:$A$36,0)) -> 11.2 | AK59: =INDEX([4]Sheet1!V$2:V$36,MATCH($H59,[4]Sheet1!$A$2:$A$36,0)) -> 0 | AL59: =INDEX([4]Sheet1!W$2:W$36,MATCH($H59,[4]Sheet1!$A$2:$A$36,0)) -> 35.714286 | AM59: =INDEX([4]Sheet1!N$2:N$36,MATCH($H59,[4]Sheet1!$A$2:$A$36,0)) -> 4200 | AN59: =INDEX([4]Sheet1!O$2:O$36,MATCH($H59,[4]Sheet1!$A$2:$A$36,0))
A60: 1004 | B60: 3 | C60: ="{"&K60&","&ROUNDUP(M60,0)&"},"&"{"&L60&","&ROUNDUP(N60,0)&"}" -> {10113,7},{21004,8} | D60: 10000 | E60: 25 | F60: ="{1,"&INT(S60*P60)&"},{2,"&INT(Q60*P60)&"},"&IF(R60=0,"","{3,"&INT(R60*P60)&"},")&"{6,"&INT(T60*P60)&"}" -> {1,1388},{2,613},{6,410} | G60: =1 -> 1 | H60: 坦克杀手 | I60: {=INDEX([1]英雄界面!$I$4:$I$41,MATCH(A60,[1]英雄界面!$A$4:$A$41,0))} -> 85 | J60: =1 -> 1 | K60: =CHOOSE(J60,INDEX([2]勋章!$I$7:$I$24,MATCH($B60,[2]勋章!$G$7:$G$24,0)),INDEX([2]勋章!$M$7:$M$24,MATCH($B60,[2]勋章!$G$7:$G$24,0)),INDEX([2]勋章!$P$7:$P$24,MATCH($B60,[2]勋章!$G$7:$G$24,0)),INDEX([2]勋章!$S$7:$S$24,MATCH($B60,[2]勋章!$G$7:$G$24,0))) -> 10113 | L60: {=INDEX([2]图纸掉落!$H$4:$H$38,MATCH(H60,[2]图纸掉落!$G$4:$G$38,0))} -> 21004 | M60: =M42 -> 7 | N60: =N42 -> 8 | O60: =INDEX([1]英雄界面!$J$4:$J$41,MATCH(A60,[1]英雄界面!$A$4:$A$41,0))/2 -> 2 | P60: =P42 -> 1.4 | Q60: =INT(INDEX([1]等级属性!B$4:B$203,MATCH($AC60,[1]等级属性!$A$4:$A$203,0))*V60/10000) -> 438 | R60: =INT(INDEX([1]等级属性!C$4:C$203,MATCH($AC60,[1]等级属性!$A$4:$A$203,0))*W60/10000) -> 0 | S60: =INT(INDEX([1]等级属性!D$4:D$203,MATCH($AC60,[1]等级属性!$A$4:$A$203,0))*X60/10000) -> 992 | T60: =INT(INDEX([1]等级属性!E$4:E$203,MATCH($AC60,[1]等级属性!$A$4:$A$203,0))*Y60/10000) -> 293 | V60: {=INDEX(单位特点规划!D$2:D$37,MATCH($A60,单位特点规划!$A$2:$A$37,0))} -> 20000 | W60: {=INDEX(单位特点规划!E$2:E$37,MATCH($A60,单位特点规划!$A$2:$A$37,0))} -> 0 | X60: {=INDEX(单位特点规划!F$2:F$37,MATCH($A60,单位特点规划!$A$2:$A$37,0))} -> 15100 | Y60: {=INDEX(单位特点规划!G$2:G$37,MATCH($A60,单位特点规划!$A$2:$A$37,0))} -> 19300 | AA60: =1 -> 1 | AB60: =INT(INDEX([3]进阶属性!$C$2:$C$19,MATCH(B60,[3]进阶属性!$A$2:$A$19,0))/2*AH60) -> 760 | AC60: =AC42 -> 30 | AD60: =INT((INDEX([3]标准单位!$J$2:$J$201,MATCH($AC60,[3]标准单位!$A$2:$A$201,0))*AE60)/(1-AE60)) -> 0 | AE60: =0 -> 0 | AF60: =AG60/AG$6 -> 0.67661555 | AG60: =(Q60/AM60*1000+IF(AN60<>"",R60/AN60*1000,0)+S60/3+T60/5)/AH60 -> 164.51746 | AH60: {=INDEX([4]Sheet1!H$2:H$36,MATCH($H60,[4]Sheet1!$A$2:$A$36,0))} -> 3 | AI60: =INDEX([4]Sheet1!T$2:T$36,MATCH($H60,[4]Sheet1!$A$2:$A$36,0)) -> 0 | AJ60: =INDEX([4]Sheet1!U$2:U$36,MATCH($H60,[4]Sheet1!$A$2:$A$36,0)) -> 11.2 | AK60: =INDEX([4]Sheet1!V$2:V$36,MATCH($H60,[4]Sheet1!$A$2:$A$36,0)) -> 0 | AL60: =INDEX([4]Sheet1!W$2:W$36,MATCH($H60,[4]Sheet1!$A$2:$A$36,0)) -> 35.714286 | AM60: =INDEX([4]Sheet1!N$2:N$36,MATCH($H60,[4]Sheet1!$A$2:$A$36,0)) -> 4200 | AN60: =INDEX([4]Sheet1!O$2:O$36,MATCH($H60,[4]Sheet1!$A$2:$A$36,0))
A61: 1004 | B61: 4 | C61: ="{"&K61&","&ROUNDUP(M61,0)&"},"&"{"&L61&","&ROUNDUP(N61,0)&"}" -> {10114,10},{21004,12} | D61: 80000 | E61: 30 | F61: ="{1,"&INT(S61*P61)&"},{2,"&INT(Q61*P61)&"},"&IF(R61=0,"","{3,"&INT(R61*P61)&"},")&"{6,"&INT(T61*P61)&"}" -> {1,1478},{2,652},{6,430} | G61: =1 -> 1 | H61: 坦克杀手 | I61: {=INDEX([1]英雄界面!$I$4:$I$41,MATCH(A61,[1]英雄界面!$A$4:$A$41,0))} -> 85 | J61: =1 -> 1 | K61: =CHOOSE(J61,INDEX([2]勋章!$I$7:$I$24,MATCH($B61,[2]勋章!$G$7:$G$24,0)),INDEX([2]勋章!$M$7:$M$24,MATCH($B61,[2]勋章!$G$7:$G$24,0)),INDEX([2]勋章!$P$7:$P$24,MATCH($B61,[2]勋章!$G$7:$G$24,0)),INDEX([2]勋章!$S$7:$S$24,MATCH($B61,[2]勋章!$G$7:$G$24,0))) -> 10114 | L61: {=INDEX([2]图纸掉落!$H$4:$H$38,MATCH(H61,[2]图纸掉落!$G$4:$G$38,0))} -> 21004 | M61: =M43 -> 10 | N61: =N43 -> 12 | O61: =INDEX([1]英雄界面!$J$4:$J$41,MATCH(A61,[1]英雄界面!$A$4:$A$41,0))/2 -> 2 | P61: =P43 -> 1.3 | Q61: =INT(INDEX([1]等级属性!B$4:B$203,MATCH($AC61,[1]等级属性!$A$4:$A$203,0))*V61/10000) -> 502 | R61: =INT(INDEX([1]等级属性!C$4:C$203,MATCH($AC61,[1]等级属性!$A$4:$A$203,0))*W61/10000) -> 0 | S61: =INT(INDEX([1]等级属性!D$4:D$203,MATCH($AC61,[1]等级属性!$A$4:$A$203,0))*X61/10000) -> 1137 | T61: =INT(INDEX([1]等级属性!E$4:E$203,MATCH($AC61,[1]等级属性!$A$4:$A$203,0))*Y61/10000) -> 331 | V61: {=INDEX(单位特点规划!D$2:D$37,MATCH($A61,单位特点规划!$A$2:$A$37,0))} -> 20000 | W61: {=INDEX(单位特点规划!E$2:E$37,MATCH($A61,单位特点规划!$A$2:$A$37,0))} -> 0 | X61: {=INDEX(单位特点规划!F$2:F$37,MATCH($A61,单位特点规划!$A$2:$A$37,0))} -> 15100 | Y61: {=INDEX(单位特点规划!G$2:G$37,MATCH($A61,单位特点规划!$A$2:$A$37,0))} -> 19300 | AA61: =1 -> 1 | AB61: =INT(INDEX([3]进阶属性!$C$2:$C$19,MATCH(B61,[3]进阶属性!$A$2:$A$19,0))/2*AH61) -> 985 | AC61: =AC43 -> 35 | AD61: =INT((INDEX([3]标准单位!$J$2:$J$201,MATCH($AC61,[3]标准单位!$A$2:$A$201,0))*AE61)/(1-AE61)) -> 0 | AE61: =0 -> 0 | AF61: =AG61/AG$7 -> 0.67633908 | AG61: =(Q61/AM61*1000+IF(AN61<>"",R61/AN61*1000,0)+S61/3+T61/5)/AH61 -> 188.24127 | AH61: {=INDEX([4]Sheet1!H$2:H$36,MATCH($H61,[4]Sheet1!$A$2:$A$36,0))} -> 3 | AI61: =INDEX([4]Sheet1!T$2:T$36,MATCH($H61,[4]Sheet1!$A$2:$A$36,0)) -> 0 | AJ61: =INDEX([4]Sheet1!U$2:U$36,MATCH($H61,[4]Sheet1!$A$2:$A$36,0)) -> 11.2 | AK61: =INDEX([4]Sheet1!V$2:V$36,MATCH($H61,[4]Sheet1!$A$2:$A$36,0)) -> 0 | AL61: =INDEX([4]Sheet1!W$2:W$36,MATCH($H61,[4]Sheet1!$A$2:$A$36,0)) -> 35.714286 | AM61: =INDEX([4]Sheet1!N$2:N$36,MATCH($H61,[4]Sheet1!$A$2:$A$36,0)) -> 4200 | AN61: =INDEX([4]Sheet1!O$2:O$36,MATCH($H61,[4]Sheet1!$A$2:$A$36,0))
A62: 1004 | B62: 5 | C62: ="{"&K62&","&ROUNDUP(M62,0)&"},"&"{"&L62&","&ROUNDUP(N62,0)&"}" -> {10115,15},{21004,15} | D62: 150000 | E62: 37 | F62: ="{1,"&INT(S62*P62)&"},{2,"&INT(Q62*P62)&"},"&IF(R62=0,"","{3,"&INT(R62*P62)&"},")&"{6,"&INT(T62*P62)&"}" -> {1,1543},{2,681},{6,451} | G62: =1 -> 1 | H62: 坦克杀手 | I62: {=INDEX([1]英雄界面!$I$4:$I$41,MATCH(A62,[1]英雄界面!$A$4:$A$41,0))} -> 85 | J62: =1 -> 1 | K62: =CHOOSE(J62,INDEX([2]勋章!$I$7:$I$24,MATCH($B62,[2]勋章!$G$7:$G$24,0)),INDEX([2]勋章!$M$7:$M$24,MATCH($B62,[2]勋章!$G$7:$G$24,0)),INDEX([2]勋章!$P$7:$P$24,MATCH($B62,[2]勋章!$G$7:$G$24,0)),INDEX([2]勋章!$S$7:$S$24,MATCH($B62,[2]勋章!$G$7:$G$24,0))) -> 10115 | L62: {=INDEX([2]图纸掉落!$H$4:$H$38,MATCH(H62,[2]图纸掉落!$G$4:$G$38,0))} -> 21004 | M62: =M44 -> 15 | N62: =N44 -> 15 | O62: =INDEX([1]英雄界面!$J$4:$J$41,MATCH(A62,[1]英雄界面!$A$4:$A$41,0))/2 -> 2 | P62: =P44 -> 1.2 | Q62: =INT(INDEX([1]等级属性!B$4:B$203,MATCH($AC62,[1]等级属性!$A$4:$A$203,0))*V62/10000) -> 568 | R62: =INT(INDEX([1]等级属性!C$4:C$203,MATCH($AC62,[1]等级属性!$A$4:$A$203,0))*W62/10000) -> 0 | S62: =INT(INDEX([1]等级属性!D$4:D$203,MATCH($AC62,[1]等级属性!$A$4:$A$203,0))*X62/10000) -> 1286 | T62: =INT(INDEX([1]等级属性!E$4:E$203,MATCH($AC62,[1]等级属性!$A$4:$A$203,0))*Y62/10000) -> 376 | V62: {=INDEX(单位特点规划!D$2:D$37,MATCH($A62,单位特点规划!$A$2:$A$37,0))} -> 20000 | W62: {=INDEX(单位特点规划!E$2:E$37,MATCH($A62,单位特点规划!$A$2:$A$37,0))} -> 0 | X62: {=INDEX(单位特点规划!F$2:F$37,MATCH($A62,单位特点规划!$A$2:$A$37,0))} -> 15100 | Y62: {=INDEX(单位特点规划!G$2:G$37,MATCH($A62,单位特点规划!$A$2:$A$37,0))} -> 19300 | AA62: =1 -> 1 | AB62: =INT(INDEX([3]进阶属性!$C$2:$C$19,MATCH(B62,[3]进阶属性!$A$2:$A$19,0))/2*AH62) -> 1278 | AC62: =AC44 -> 40 | AD62: =INT((INDEX([3]标准单位!$J$2:$J$201,MATCH($AC62,[3]标准单位!$A$2:$A$201,0))*AE62)/(1-AE62)) -> 0 | AE62: =0 -> 0 | AF62: =AG62/AG$8 -> 0.67650587 | AG62: =(Q62/AM62*1000+IF(AN62<>"",R62/AN62*1000,0)+S62/3+T62/5)/AH62 -> 213.03492 | AH62: {=INDEX([4]Sheet1!H$2:H$36,MATCH($H62,[4]Sheet1!$A$2:$A$36,0))} -> 3 | AI62: =INDEX([4]Sheet1!T$2:T$36,MATCH($H62,[4]Sheet1!$A$2:$A$36,0)) -> 0 | AJ62: =INDEX([4]Sheet1!U$2:U$36,MATCH($H62,[4]Sheet1!$A$2:$A$36,0)) -> 11.2 | AK62: =INDEX([4]Sheet1!V$2:V$36,MATCH($H62,[4]Sheet1!$A$2:$A$36,0)) -> 0 | AL62: =INDEX([4]Sheet1!W$2:W$36,MATCH($H62,[4]Sheet1!$A$2:$A$36,0)) -> 35.714286 | AM62: =INDEX([4]Sheet1!N$2:N$36,MATCH($H62,[4]Sheet1!$A$2:$A$36,0)) -> 4200 | AN62: =INDEX([4]Sheet1!O$2:O$36,MATCH($H62,[4]Sheet1!$A$2:$A$36,0))
A63: 1004 | B63: 6 | C63: ="{"&K63&","&ROUNDUP(M63,0)&"},"&"{"&L63&","&ROUNDUP(N63,0)&"}" -> {10116,20},{21004,16} | D63: 250000 | E63: 42 | F63: ="{1,"&INT(S63*P63)&"},{2,"&INT(Q63*P63)&"},"&IF(R63=0,"","{3,"&INT(R63*P63)&"},")&"{6,"&INT(T63*P63)&"}" -> {1,1623},{2,717},{6,477} | G63: =1 -> 1 | H63: 坦克杀手 | I63: {=INDEX([1]英雄界面!$I$4:$I$41,MATCH(A63,[1]英雄界面!$A$4:$A$41,0))} -> 85 | J63: =1 -> 1 | K63: =CHOOSE(J63,INDEX([2]勋章!$I$7:$I$24,MATCH($B63,[2]勋章!$G$7:$G$24,0)),INDEX([2]勋章!$M$7:$M$24,MATCH($B63,[2]勋章!$G$7:$G$24,0)),INDEX([2]勋章!$P$7:$P$24,MATCH($B63,[2]勋章!$G$7:$G$24,0)),INDEX([2]勋章!$S$7:$S$24,MATCH($B63,[2]勋章!$G$7:$G$24,0))) -> 10116 | L63: {=INDEX([2]图纸掉落!$H$4:$H$38,MATCH(H63,[2]图纸掉落!$G$4:$G$38,0))} -> 21004 | M63: =M45 -> 20 | N63: =N45 -> 16 | O63: =INDEX([1]英雄界面!$J$4:$J$41,MATCH(A63,[1]英雄界面!$A$4:$A$41,0))/2 -> 2 | P63: =P45 -> 1.1 | Q63: =INT(INDEX([1]等级属性!B$4:B$203,MATCH($AC63,[1]等级属性!$A$4:$A$203,0))*V63/10000) -> 652 | R63: =INT(INDEX([1]等级属性!C$4:C$203,MATCH($AC63,[1]等级属性!$A$4:$A$203,0))*W63/10000) -> 0 | S63: =INT(INDEX([1]等级属性!D$4:D$203,MATCH($AC63,[1]等级属性!$A$4:$A$203,0))*X63/10000) -> 1476 | T63: =INT(INDEX([1]等级属性!E$4:E$203,MATCH($AC63,[1]等级属性!$A$4:$A$203,0))*Y63/10000) -> 434 | V63: {=INDEX(单位特点规划!D$2:D$37,MATCH($A63,单位特点规划!$A$2:$A$37,0))} -> 20000 | W63: {=INDEX(单位特点规划!E$2:E$37,MATCH($A63,单位特点规划!$A$2:$A$37,0))} -> 0 | X63: {=INDEX(单位特点规划!F$2:F$37,MATCH($A63,单位特点规划!$A$2:$A$37,0))} -> 15100 | Y63: {=INDEX(单位特点规划!G$2:G$37,MATCH($A63,单位特点规划!$A$2:$A$37,0))} -> 19300 | AA63: =1 -> 1 | AB63: =INT(INDEX([3]进阶属性!$C$2:$C$19,MATCH(B63,[3]进阶属性!$A$2:$A$19,0))/2*AH63) -> 1660 | AC63: =AC45 -> 45 | AD63: =INT((INDEX([3]标准单位!$J$2:$J$201,MATCH($AC63,[3]标准单位!$A$2:$A$201,0))*AE63)/(1-AE63)) -> 0 | AE63: =0 -> 0 | AF63: =AG63/AG$9 -> 0.67621228 | AG63: =(Q63/AM63*1000+IF(AN63<>"",R63/AN63*1000,0)+S63/3+T63/5)/AH63 -> 244.67937 | AH63: {=INDEX([4]Sheet1!H$2:H$36,MATCH($H63,[4]Sheet1!$A$2:$A$36,0))} -> 3 | AI63: =INDEX([4]Sheet1!T$2:T$36,MATCH($H63,[4]Sheet1!$A$2:$A$36,0)) -> 0 | AJ63: =INDEX([4]Sheet1!U$2:U$36,MATCH($H63,[4]Sheet1!$A$2:$A$36,0)) -> 11.2 | AK63: =INDEX([4]Sheet1!V$2:V$36,MATCH($H63,[4]Sheet1!$A$2:$A$36,0)) -> 0 | AL63: =INDEX([4]Sheet1!W$2:W$36,MATCH($H63,[4]Sheet1!$A$2:$A$36,0)) -> 35.714286 | AM63: =INDEX([4]Sheet1!N$2:N$36,MATCH($H63,[4]Sheet1!$A$2:$A$36,0)) -> 4200 | AN63: =INDEX([4]Sheet1!O$2:O$36,MATCH($H63,[4]Sheet1!$A$2:$A$36,0))
A64: 1004 | B64: 7 | C64: ="{"&K64&","&ROUNDUP(M64,0)&"},"&"{"&L64&","&ROUNDUP(N64,0)&"}" -> {10117,22},{21004,26} | D64: 300000 | E64: 47 | F64: ="{1,"&INT(S64*P64)&"},{2,"&INT(Q64*P64)&"},"&IF(R64=0,"","{3,"&INT(R64*P64)&"},")&"{6,"&INT(T64*P64)&"}" -> {1,1671},{2,738},{6,494} | G64: =1 -> 1 | H64: 坦克杀手 | I64: {=INDEX([1]英雄界面!$I$4:$I$41,MATCH(A64,[1]英雄界面!$A$4:$A$41,0))} -> 85 | J64: =1 -> 1 | K64: =CHOOSE(J64,INDEX([2]勋章!$I$7:$I$24,MATCH($B64,[2]勋章!$G$7:$G$24,0)),INDEX([2]勋章!$M$7:$M$24,MATCH($B64,[2]勋章!$G$7:$G$24,0)),INDEX([2]勋章!$P$7:$P$24,MATCH($B64,[2]勋章!$G$7:$G$24,0)),INDEX([2]勋章!$S$7:$S$24,MATCH($B64,[2]勋章!$G$7:$G$24,0))) -> 10117 | L64: {=INDEX([2]图纸掉落!$H$4:$H$38,MATCH(H64,[2]图纸掉落!$G$4:$G$38,0))} -> 21004 | M64: =M46 -> 22 | N64: =N46 -> 26 | O64: =INDEX([1]英雄界面!$J$4:$J$41,MATCH(A64,[1]英雄界面!$A$4:$A$41,0))/2 -> 2 | P64: =P46 -> 1 | Q64: =INT(INDEX([1]等级属性!B$4:B$203,MATCH($AC64,[1]等级属性!$A$4:$A$203,0))*V64/10000) -> 738 | R64: =INT(INDEX([1]等级属性!C$4:C$203,MATCH($AC64,[1]等级属性!$A$4:$A$203,0))*W64/10000) -> 0 | S64: =INT(INDEX([1]等级属性!D$4:D$203,MATCH($AC64,[1]等级属性!$A$4:$A$203,0))*X64/10000) -> 1671 | T64: =INT(INDEX([1]等级属性!E$4:E$203,MATCH($AC64,[1]等级属性!$A$4:$A$203,0))*Y64/10000) -> 494 | V64: {=INDEX(单位特点规划!D$2:D$37,MATCH($A64,单位特点规划!$A$2:$A$37,0))} -> 20000 | W64: {=INDEX(单位特点规划!E$2:E$37,MATCH($A64,单位特点规划!$A$2:$A$37,0))} -> 0 | X64: {=INDEX(单位特点规划!F$2:F$37,MATCH($A64,单位特点规划!$A$2:$A$37,0))} -> 15100 | Y64: {=INDEX(单位特点规划!G$2:G$37,MATCH($A64,单位特点规划!$A$2:$A$37,0))} -> 19300 | AA64: =1 -> 1 | AB64: =INT(INDEX([3]进阶属性!$C$2:$C$19,MATCH(B64,[3]进阶属性!$A$2:$A$19,0))/2*AH64) -> 2155 | AC64: =AC46 -> 50 | AD64: =INT((INDEX([3]标准单位!$J$2:$J$201,MATCH($AC64,[3]标准单位!$A$2:$A$201,0))*AE64)/(1-AE64)) -> 0 | AE64: =0 -> 0 | AF64: =AG64/AG$10 -> 0.67659367 | AG64: =(Q64/AM64*1000+IF(AN64<>"",R64/AN64*1000,0)+S64/3+T64/5)/AH64 -> 277.17143 | AH64: {=INDEX([4]Sheet1!H$2:H$36,MATCH($H64,[4]Sheet1!$A$2:$A$36,0))} -> 3 | AI64: =INDEX([4]Sheet1!T$2:T$36,MATCH($H64,[4]Sheet1!$A$2:$A$36,0)) -> 0 | AJ64: =INDEX([4]Sheet1!U$2:U$36,MATCH($H64,[4]Sheet1!$A$2:$A$36,0)) -> 11.2 | AK64: =INDEX([4]Sheet1!V$2:V$36,MATCH($H64,[4]Sheet1!$A$2:$A$36,0)) -> 0 | AL64: =INDEX([4]Sheet1!W$2:W$36,MATCH($H64,[4]Sheet1!$A$2:$A$36,0)) -> 35.714286 | AM64: =INDEX([4]Sheet1!N$2:N$36,MATCH($H64,[4]Sheet1!$A$2:$A$36,0)) -> 4200 | AN64: =INDEX([4]Sheet1!O$2:O$36,MATCH($H64,[4]Sheet1!$A$2:$A$36,0))
A65: 1004 | B65: 8 | C65: ="{"&K65&","&ROUNDUP(M65,0)&"},"&"{"&L65&","&ROUNDUP(N65,0)&"}" -> {10118,25},{21004,29} | D65: 350000 | E65: 52 | F65: ="{1,"&INT(S65*P65)&"},{2,"&INT(Q65*P65)&"},"&IF(R65=0,"","{3,"&INT(R65*P65)&"},")&"{6,"&INT(T65*P65)&"}" -> {1,1920},{2,848},{6,565} | G65: =1 -> 1 | H65: 坦克杀手 | I65: {=INDEX([1]英雄界面!$I$4:$I$41,MATCH(A65,[1]英雄界面!$A$4:$A$41,0))} -> 85 | J65: =1 -> 1 | K65: =CHOOSE(J65,INDEX([2]勋章!$I$7:$I$24,MATCH($B65,[2]勋章!$G$7:$G$24,0)),INDEX([2]勋章!$M$7:$M$24,MATCH($B65,[2]勋章!$G$7:$G$24,0)),INDEX([2]勋章!$P$7:$P$24,MATCH($B65,[2]勋章!$G$7:$G$24,0)),INDEX([2]勋章!$S$7:$S$24,MATCH($B65,[2]勋章!$G$7:$G$24,0))) -> 10118 | L65: {=INDEX([2]图纸掉落!$H$4:$H$38,MATCH(H65,[2]图纸掉落!$G$4:$G$38,0))} -> 21004 | M65: =M47 -> 25 | N65: =N47 -> 29 | O65: =INDEX([1]英雄界面!$J$4:$J$41,MATCH(A65,[1]英雄界面!$A$4:$A$41,0))/2 -> 2 | P65: =P47 -> 1 | Q65: =INT(INDEX([1]等级属性!B$4:B$203,MATCH($AC65,[1]等级属性!$A$4:$A$203,0))*V65/10000) -> 848 | R65: =INT(INDEX([1]等级属性!C$4:C$203,MATCH($AC65,[1]等级属性!$A$4:$A$203,0))*W65/10000) -> 0 | S65: =INT(INDEX([1]等级属性!D$4:D$203,MATCH($AC65,[1]等级属性!$A$4:$A$203,0))*X65/10000) -> 1920 | T65: =INT(INDEX([1]等级属性!E$4:E$203,MATCH($AC65,[1]等级属性!$A$4:$A$203,0))*Y65/10000) -> 565 | V65: {=INDEX(单位特点规划!D$2:D$37,MATCH($A65,单位特点规划!$A$2:$A$37,0))} -> 20000 | W65: {=INDEX(单位特点规划!E$2:E$37,MATCH($A65,单位特点规划!$A$2:$A$37,0))} -> 0 | X65: {=INDEX(单位特点规划!F$2:F$37,MATCH($A65,单位特点规划!$A$2:$A$37,0))} -> 15100 | Y65: {=INDEX(单位特点规划!G$2:G$37,MATCH($A65,单位特点规划!$A$2:$A$37,0))} -> 19300 | AA65: =1 -> 1 | AB65: =INT(INDEX([3]进阶属性!$C$2:$C$19,MATCH(B65,[3]进阶属性!$A$2:$A$19,0))/2*AH65) -> 2799 | AC65: =AC47 -> 55 | AD65: =INT((INDEX([3]标准单位!$J$2:$J$201,MATCH($AC65,[3]标准单位!$A$2:$A$201,0))*AE65)/(1-AE65)) -> 0 | AE65: =0 -> 0 | AF65: =AG65/AG$11 -> 0.67619606 | AG65: =(Q65/AM65*1000+IF(AN65<>"",R65/AN65*1000,0)+S65/3+T65/5)/AH65 -> 318.30159 | AH65: {=INDEX([4]Sheet1!H$2:H$36,MATCH($H65,[4]Sheet1!$A$2:$A$36,0))} -> 3 | AI65: =INDEX([4]Sheet1!T$2:T$36,MATCH($H65,[4]Sheet1!$A$2:$A$36,0)) -> 0 | AJ65: =INDEX([4]Sheet1!U$2:U$36,MATCH($H65,[4]Sheet1!$A$2:$A$36,0)) -> 11.2 | AK65: =INDEX([4]Sheet1!V$2:V$36,MATCH($H65,[4]Sheet1!$A$2:$A$36,0)) -> 0 | AL65: =INDEX([4]Sheet1!W$2:W$36,MATCH($H65,[4]Sheet1!$A$2:$A$36,0)) -> 35.714286 | AM65: =INDEX([4]Sheet1!N$2:N$36,MATCH($H65,[4]Sheet1!$A$2:$A$36,0)) -> 4200 | AN65: =INDEX([4]Sheet1!O$2:O$36,MATCH($H65,[4]Sheet1!$A$2:$A$36,0))
A66: 1004 | B66: 9 | C66: ="{"&K66&","&ROUNDUP(M66,0)&"},"&"{"&L66&","&ROUNDUP(N66,0)&"}" -> {10119,27},{21004,30} | D66: 400000 | E66: 57 | F66: ="{1,"&INT(S66*P66)&"},{2,"&INT(Q66*P66)&"},"&IF(R66=0,"","{3,"&INT(R66*P66)&"},")&"{6,"&INT(T66*P66)&"}" -> {1,2169},{2,958},{6,638} | G66: =1 -> 1 | H66: 坦克杀手 | I66: {=INDEX([1]英雄界面!$I$4:$I$41,MATCH(A66,[1]英雄界面!$A$4:$A$41,0))} -> 85 | J66: =1 -> 1 | K66: =CHOOSE(J66,INDEX([2]勋章!$I$7:$I$24,MATCH($B66,[2]勋章!$G$7:$G$24,0)),INDEX([2]勋章!$M$7:$M$24,MATCH($B66,[2]勋章!$G$7:$G$24,0)),INDEX([2]勋章!$P$7:$P$24,MATCH($B66,[2]勋章!$G$7:$G$24,0)),INDEX([2]勋章!$S$7:$S$24,MATCH($B66,[2]勋章!$G$7:$G$24,0))) -> 10119 | L66: {=INDEX([2]图纸掉落!$H$4:$H$38,MATCH(H66,[2]图纸掉落!$G$4:$G$38,0))} -> 21004 | M66: =M48 -> 27 | N66: =N48 -> 30 | O66: =INDEX([1]英雄界面!$J$4:$J$41,MATCH(A66,[1]英雄界面!$A$4:$A$41,0))/2 -> 2 | P66: =P48 -> 1 | Q66: =INT(INDEX([1]等级属性!B$4:B$203,MATCH($AC66,[1]等级属性!$A$4:$A$203,0))*V66/10000) -> 958 | R66: =INT(INDEX([1]等级属性!C$4:C$203,MATCH($AC66,[1]等级属性!$A$4:$A$203,0))*W66/10000) -> 0 | S66: =INT(INDEX([1]等级属性!D$4:D$203,MATCH($AC66,[1]等级属性!$A$4:$A$203,0))*X66/10000) -> 2169 | T66: =INT(INDEX([1]等级属性!E$4:E$203,MATCH($AC66,[1]等级属性!$A$4:$A$203,0))*Y66/10000) -> 638 | V66: {=INDEX(单位特点规划!D$2:D$37,MATCH($A66,单位特点规划!$A$2:$A$37,0))} -> 20000 | W66: {=INDEX(单位特点规划!E$2:E$37,MATCH($A66,单位特点规划!$A$2:$A$37,0))} -> 0 | X66: {=INDEX(单位特点规划!F$2:F$37,MATCH($A66,单位特点规划!$A$2:$A$37,0))} -> 15100 | Y66: {=INDEX(单位特点规划!G$2:G$37,MATCH($A66,单位特点规划!$A$2:$A$37,0))} -> 19300 | AA66: =1 -> 1 | AB66: =INT(INDEX([3]进阶属性!$C$2:$C$19,MATCH(B66,[3]进阶属性!$A$2:$A$19,0))/2*AH66) -> 3636 | AC66: =AC48 -> 60 | AD66: =INT((INDEX([3]标准单位!$J$2:$J$201,MATCH($AC66,[3]标准单位!$A$2:$A$201,0))*AE66)/(1-AE66)) -> 0 | AE66: =0 -> 0 | AF66: =AG66/AG$12 -> 0.67607391 | AG66: =(Q66/AM66*1000+IF(AN66<>"",R66/AN66*1000,0)+S66/3+T66/5)/AH66 -> 359.56508 | AH66: {=INDEX([4]Sheet1!H$2:H$36,MATCH($H66,[4]Sheet1!$A$2:$A$36,0))} -> 3 | AI66: =INDEX([4]Sheet1!T$2:T$36,MATCH($H66,[4]Sheet1!$A$2:$A$36,0)) -> 0 | AJ66: =INDEX([4]Sheet1!U$2:U$36,MATCH($H66,[4]Sheet1!$A$2:$A$36,0)) -> 11.2 | AK66: =INDEX([4]Sheet1!V$2:V$36,MATCH($H66,[4]Sheet1!$A$2:$A$36,0)) -> 0 | AL66: =INDEX([4]Sheet1!W$2:W$36,MATCH($H66,[4]Sheet1!$A$2:$A$36,0)) -> 35.714286 | AM66: =INDEX([4]Sheet1!N$2:N$36,MATCH($H66,[4]Sheet1!$A$2:$A$36,0)) -> 4200 | AN66: =INDEX([4]Sheet1!O$2:O$36,MATCH($H66,[4]Sheet1!$A$2:$A$36,0))
A67: 1004 | B67: 10 | C67: ="{"&K67&","&ROUNDUP(M67,0)&"},"&"{"&L67&","&ROUNDUP(N67,0)&"}" -> {10120,30},{21004,45} | D67: 450000 | E67: 62 | F67: ="{1,"&INT(S67*P67)&"},{2,"&INT(Q67*P67)&"},"&IF(R67=0,"","{3,"&INT(R67*P67)&"},")&"{6,"&INT(T67*P67)&"}" -> {1,2491},{2,1100},{6,735} | G67: =1 -> 1 | H67: 坦克杀手 | I67: {=INDEX([1]英雄界面!$I$4:$I$41,MATCH(A67,[1]英雄界面!$A$4:$A$41,0))} -> 85 | J67: =1 -> 1 | K67: =CHOOSE(J67,INDEX([2]勋章!$I$7:$I$24,MATCH($B67,[2]勋章!$G$7:$G$24,0)),INDEX([2]勋章!$M$7:$M$24,MATCH($B67,[2]勋章!$G$7:$G$24,0)),INDEX([2]勋章!$P$7:$P$24,MATCH($B67,[2]勋章!$G$7:$G$24,0)),INDEX([2]勋章!$S$7:$S$24,MATCH($B67,[2]勋章!$G$7:$G$24,0))) -> 10120 | L67: {=INDEX([2]图纸掉落!$H$4:$H$38,MATCH(H67,[2]图纸掉落!$G$4:$G$38,0))} -> 21004 | M67: =M49 -> 30 | N67: =N49 -> 45 | O67: =INDEX([1]英雄界面!$J$4:$J$41,MATCH(A67,[1]英雄界面!$A$4:$A$41,0))/2 -> 2 | P67: =P49 -> 1 | Q67: =INT(INDEX([1]等级属性!B$4:B$203,MATCH($AC67,[1]等级属性!$A$4:$A$203,0))*V67/10000) -> 1100 | R67: =INT(INDEX([1]等级属性!C$4:C$203,MATCH($AC67,[1]等级属性!$A$4:$A$203,0))*W67/10000) -> 0 | S67: =INT(INDEX([1]等级属性!D$4:D$203,MATCH($AC67,[1]等级属性!$A$4:$A$203,0))*X67/10000) -> 2491 | T67: =INT(INDEX([1]等级属性!E$4:E$203,MATCH($AC67,[1]等级属性!$A$4:$A$203,0))*Y67/10000) -> 735 | V67: {=INDEX(单位特点规划!D$2:D$37,MATCH($A67,单位特点规划!$A$2:$A$37,0))} -> 20000 | W67: {=INDEX(单位特点规划!E$2:E$37,MATCH($A67,单位特点规划!$A$2:$A$37,0))} -> 0 | X67: {=INDEX(单位特点规划!F$2:F$37,MATCH($A67,单位特点规划!$A$2:$A$37,0))} -> 15100 | Y67: {=INDEX(单位特点规划!G$2:G$37,MATCH($A67,单位特点规划!$A$2:$A$37,0))} -> 19300 | AA67: =1 -> 1 | AB67: =INT(INDEX([3]进阶属性!$C$2:$C$19,MATCH(B67,[3]进阶属性!$A$2:$A$19,0))/2*AH67) -> 4725 | AC67: =AC49 -> 65 | AD67: =INT((INDEX([3]标准单位!$J$2:$J$201,MATCH($AC67,[3]标准单位!$A$2:$A$201,0))*AE67)/(1-AE67)) -> 0 | AE67: =0 -> 0 | AF67: =AG67/AG$13 -> 0.6763398 | AG67: =(Q67/AM67*1000+IF(AN67<>"",R67/AN67*1000,0)+S67/3+T67/5)/AH67 -> 413.07937 | AH67: {=INDEX([4]Sheet1!H$2:H$36,MATCH($H67,[4]Sheet1!$A$2:$A$36,0))} -> 3 | AI67: =INDEX([4]Sheet1!T$2:T$36,MATCH($H67,[4]Sheet1!$A$2:$A$36,0)) -> 0 | AJ67: =INDEX([4]Sheet1!U$2:U$36,MATCH($H67,[4]Sheet1!$A$2:$A$36,0)) -> 11.2 | AK67: =INDEX([4]Sheet1!V$2:V$36,MATCH($H67,[4]Sheet1!$A$2:$A$36,0)) -> 0 | AL67: =INDEX([4]Sheet1!W$2:W$36,MATCH($H67,[4]Sheet1!$A$2:$A$36,0)) -> 35.714286 | AM67: =INDEX([4]Sheet1!N$2:N$36,MATCH($H67,[4]Sheet1!$A$2:$A$36,0)) -> 4200 | AN67: =INDEX([4]Sheet1!O$2:O$36,MATCH($H67,[4]Sheet1!$A$2:$A$36,0))
A68: 1004 | B68: 11 | C68: ="{"&K68&","&ROUNDUP(M68,0)&"},"&"{"&L68&","&ROUNDUP(N68,0)&"}" -> {10121,32},{21004,61} | D68: 500000 | E68: 67 | F68: ="{1,"&INT(S68*P68)&"},{2,"&INT(Q68*P68)&"},"&IF(R68=0,"","{3,"&INT(R68*P68)&"},")&"{6,"&INT(T68*P68)&"}" -> {1,2817},{2,1244},{6,831} | G68: =1 -> 1 | H68: 坦克杀手 | I68: {=INDEX([1]英雄界面!$I$4:$I$41,MATCH(A68,[1]英雄界面!$A$4:$A$41,0))} -> 85 | J68: =1 -> 1 | K68: =CHOOSE(J68,INDEX([2]勋章!$I$7:$I$24,MATCH($B68,[2]勋章!$G$7:$G$24,0)),INDEX([2]勋章!$M$7:$M$24,MATCH($B68,[2]勋章!$G$7:$G$24,0)),INDEX([2]勋章!$P$7:$P$24,MATCH($B68,[2]勋章!$G$7:$G$24,0)),INDEX([2]勋章!$S$7:$S$24,MATCH($B68,[2]勋章!$G$7:$G$24,0))) -> 10121 | L68: {=INDEX([2]图纸掉落!$H$4:$H$38,MATCH(H68,[2]图纸掉落!$G$4:$G$38,0))} -> 21004 | M68: =M50 -> 32 | N68: =N50 -> 61 | O68: =INDEX([1]英雄界面!$J$4:$J$41,MATCH(A68,[1]英雄界面!$A$4:$A$41,0))/2 -> 2 | P68: =P50 -> 1 | Q68: =INT(INDEX([1]等级属性!B$4:B$203,MATCH($AC68,[1]等级属性!$A$4:$A$203,0))*V68/10000) -> 1244 | R68: =INT(INDEX([1]等级属性!C$4:C$203,MATCH($AC68,[1]等级属性!$A$4:$A$203,0))*W68/10000) -> 0 | S68: =INT(INDEX([1]等级属性!D$4:D$203,MATCH($AC68,[1]等级属性!$A$4:$A$203,0))*X68/10000) -> 2817 | T68: =INT(INDEX([1]等级属性!E$4:E$203,MATCH($AC68,[1]等级属性!$A$4:$A$203,0))*Y68/10000) -> 831 | V68: {=INDEX(单位特点规划!D$2:D$37,MATCH($A68,单位特点规划!$A$2:$A$37,0))} -> 20000 | W68: {=INDEX(单位特点规划!E$2:E$37,MATCH($A68,单位特点规划!$A$2:$A$37,0))} -> 0 | X68: {=INDEX(单位特点规划!F$2:F$37,MATCH($A68,单位特点规划!$A$2:$A$37,0))} -> 15100 | Y68: {=INDEX(单位特点规划!G$2:G$37,MATCH($A68,单位特点规划!$A$2:$A$37,0))} -> 19300 | AA68: =1 -> 1 | AB68: =INT(INDEX([3]进阶属性!$C$2:$C$19,MATCH(B68,[3]进阶属性!$A$2:$A$19,0))/2*AH68) -> 6142 | AC68: =AC50 -> 70 | AD68: =INT((INDEX([3]标准单位!$J$2:$J$201,MATCH($AC68,[3]标准单位!$A$2:$A$201,0))*AE68)/(1-AE68)) -> 0 | AE68: =0 -> 0 | AF68: =AG68/AG$14 -> 0.6762908 | AG68: =(Q68/AM68*1000+IF(AN68<>"",R68/AN68*1000,0)+S68/3+T68/5)/AH68 -> 467.13016 | AH68: {=INDEX([4]Sheet1!H$2:H$36,MATCH($H68,[4]Sheet1!$A$2:$A$36,0))} -> 3 | AI68: =INDEX([4]Sheet1!T$2:T$36,MATCH($H68,[4]Sheet1!$A$2:$A$36,0)) -> 0 | AJ68: =INDEX([4]Sheet1!U$2:U$36,MATCH($H68,[4]Sheet1!$A$2:$A$36,0)) -> 11.2 | AK68: =INDEX([4]Sheet1!V$2:V$36,MATCH($H68,[4]Sheet1!$A$2:$A$36,0)) -> 0 | AL68: =INDEX([4]Sheet1!W$2:W$36,MATCH($H68,[4]Sheet1!$A$2:$A$36,0)) -> 35.714286 | AM68: =INDEX([4]Sheet1!N$2:N$36,MATCH($H68,[4]Sheet1!$A$2:$A$36,0)) -> 4200 | AN68: =INDEX([4]Sheet1!O$2:O$36,MATCH($H68,[4]Sheet1!$A$2:$A$36,0))
A69: 1004 | B69: 12 | C69: ="{"&K69&","&ROUNDUP(M69,0)&"},"&"{"&L69&","&ROUNDUP(N69,0)&"}" -> {10122,35},{21004,66} | D69: 550000 | E69: 72 | F69: ="{1,"&INT(S69*P69)&"},{2,"&INT(Q69*P69)&"},"&IF(R69=0,"","{3,"&INT(R69*P69)&"},")&"{6,"&INT(T69*P69)&"}" -> {1,3238},{2,1430},{6,955} | G69: =1 -> 1 | H69: 坦克杀手 | I69: {=INDEX([1]英雄界面!$I$4:$I$41,MATCH(A69,[1]英雄界面!$A$4:$A$41,0))} -> 85 | J69: =1 -> 1 | K69: =CHOOSE(J69,INDEX([2]勋章!$I$7:$I$24,MATCH($B69,[2]勋章!$G$7:$G$24,0)),INDEX([2]勋章!$M$7:$M$24,MATCH($B69,[2]勋章!$G$7:$G$24,0)),INDEX([2]勋章!$P$7:$P$24,MATCH($B69,[2]勋章!$G$7:$G$24,0)),INDEX([2]勋章!$S$7:$S$24,MATCH($B69,[2]勋章!$G$7:$G$24,0))) -> 10122 | L69: {=INDEX([2]图纸掉落!$H$4:$H$38,MATCH(H69,[2]图纸掉落!$G$4:$G$38,0))} -> 21004 | M69: =M51 -> 35 | N69: =N51 -> 66 | O69: =INDEX([1]英雄界面!$J$4:$J$41,MATCH(A69,[1]英雄界面!$A$4:$A$41,0))/2 -> 2 | P69: =P51 -> 1 | Q69: =INT(INDEX([1]等级属性!B$4:B$203,MATCH($AC69,[1]等级属性!$A$4:$A$203,0))*V69/10000) -> 1430 | R69: =INT(INDEX([1]等级属性!C$4:C$203,MATCH($AC69,[1]等级属性!$A$4:$A$203,0))*W69/10000) -> 0 | S69: =INT(INDEX([1]等级属性!D$4:D$203,MATCH($AC69,[1]等级属性!$A$4:$A$203,0))*X69/10000) -> 3238 | T69: =INT(INDEX([1]等级属性!E$4:E$203,MATCH($AC69,[1]等级属性!$A$4:$A$203,0))*Y69/10000) -> 955 | V69: {=INDEX(单位特点规划!D$2:D$37,MATCH($A69,单位特点规划!$A$2:$A$37,0))} -> 20000 | W69: {=INDEX(单位特点规划!E$2:E$37,MATCH($A69,单位特点规划!$A$2:$A$37,0))} -> 0 | X69: {=INDEX(单位特点规划!F$2:F$37,MATCH($A69,单位特点规划!$A$2:$A$37,0))} -> 15100 | Y69: {=INDEX(单位特点规划!G$2:G$37,MATCH($A69,单位特点规划!$A$2:$A$37,0))} -> 19300 | AA69: =1 -> 1 | AB69: =INT(INDEX([3]进阶属性!$C$2:$C$19,MATCH(B69,[3]进阶属性!$A$2:$A$19,0))/2*AH69) -> 7983 | AC69: =AC51 -> 75 | AD69: =INT((INDEX([3]标准单位!$J$2:$J$201,MATCH($AC69,[3]标准单位!$A$2:$A$201,0))*AE69)/(1-AE69)) -> 0 | AE69: =0 -> 0 | AF69: =AG69/AG$15 -> 0.67636415 | AG69: =(Q69/AM69*1000+IF(AN69<>"",R69/AN69*1000,0)+S69/3+T69/5)/AH69 -> 536.93651 | AH69: {=INDEX([4]Sheet1!H$2:H$36,MATCH($H69,[4]Sheet1!$A$2:$A$36,0))} -> 3 | AI69: =INDEX([4]Sheet1!T$2:T$36,MATCH($H69,[4]Sheet1!$A$2:$A$36,0)) -> 0 | AJ69: =INDEX([4]Sheet1!U$2:U$36,MATCH($H69,[4]Sheet1!$A$2:$A$36,0)) -> 11.2 | AK69: =INDEX([4]Sheet1!V$2:V$36,MATCH($H69,[4]Sheet1!$A$2:$A$36,0)) -> 0 | AL69: =INDEX([4]Sheet1!W$2:W$36,MATCH($H69,[4]Sheet1!$A$2:$A$36,0)) -> 35.714286 | AM69: =INDEX([4]Sheet1!N$2:N$36,MATCH($H69,[4]Sheet1!$A$2:$A$36,0)) -> 4200 | AN69: =INDEX([4]Sheet1!O$2:O$36,MATCH($H69,[4]Sheet1!$A$2:$A$36,0))
A70: 1004 | B70: 13 | C70: ="{"&K70&","&ROUNDUP(M70,0)&"},"&"{"&L70&","&ROUNDUP(N70,0)&"}" -> {10123,37},{21004,70} | D70: 600000 | E70: 77 | F70: ="{1,"&INT(S70*P70)&"},{2,"&INT(Q70*P70)&"},"&IF(R70=0,"","{3,"&INT(R70*P70)&"},")&"{6,"&INT(T70*P70)&"}" -> {1,3660},{2,1616},{6,1080} | G70: =1 -> 1 | H70: 坦克杀手 | I70: {=INDEX([1]英雄界面!$I$4:$I$41,MATCH(A70,[1]英雄界面!$A$4:$A$41,0))} -> 85 | J70: =1 -> 1 | K70: =CHOOSE(J70,INDEX([2]勋章!$I$7:$I$24,MATCH($B70,[2]勋章!$G$7:$G$24,0)),INDEX([2]勋章!$M$7:$M$24,MATCH($B70,[2]勋章!$G$7:$G$24,0)),INDEX([2]勋章!$P$7:$P$24,MATCH($B70,[2]勋章!$G$7:$G$24,0)),INDEX([2]勋章!$S$7:$S$24,MATCH($B70,[2]勋章!$G$7:$G$24,0))) -> 10123 | L70: {=INDEX([2]图纸掉落!$H$4:$H$38,MATCH(H70,[2]图纸掉落!$G$4:$G$38,0))} -> 21004 | M70: =M52 -> 37 | N70: =N52 -> 70 | O70: =INDEX([1]英雄界面!$J$4:$J$41,MATCH(A70,[1]英雄界面!$A$4:$A$41,0))/2 -> 2 | P70: =P52 -> 1 | Q70: =INT(INDEX([1]等级属性!B$4:B$203,MATCH($AC70,[1]等级属性!$A$4:$A$203,0))*V70/10000) -> 1616 | R70: =INT(INDEX([1]等级属性!C$4:C$203,MATCH($AC70,[1]等级属性!$A$4:$A$203,0))*W70/10000) -> 0 | S70: =INT(INDEX([1]等级属性!D$4:D$203,MATCH($AC70,[1]等级属性!$A$4:$A$203,0))*X70/10000) -> 3660 | T70: =INT(INDEX([1]等级属性!E$4:E$203,MATCH($AC70,[1]等级属性!$A$4:$A$203,0))*Y70/10000) -> 1080 | V70: {=INDEX(单位特点规划!D$2:D$37,MATCH($A70,单位特点规划!$A$2:$A$37,0))} -> 20000 | W70: {=INDEX(单位特点规划!E$2:E$37,MATCH($A70,单位特点规划!$A$2:$A$37,0))} -> 0 | X70: {=INDEX(单位特点规划!F$2:F$37,MATCH($A70,单位特点规划!$A$2:$A$37,0))} -> 15100 | Y70: {=INDEX(单位特点规划!G$2:G$37,MATCH($A70,单位特点规划!$A$2:$A$37,0))} -> 19300 | AA70: =1 -> 1 | AB70: =INT(INDEX([3]进阶属性!$C$2:$C$19,MATCH(B70,[3]进阶属性!$A$2:$A$19,0))/2*AH70) -> 10377 | AC70: =AC52 -> 80 | AD70: =INT((INDEX([3]标准单位!$J$2:$J$201,MATCH($AC70,[3]标准单位!$A$2:$A$201,0))*AE70)/(1-AE70)) -> 0 | AE70: =0 -> 0 | AF70: =AG70/AG$16 -> 0.67630287 | AG70: =(Q70/AM70*1000+IF(AN70<>"",R70/AN70*1000,0)+S70/3+T70/5)/AH70 -> 606.92063 | AH70: {=INDEX([4]Sheet1!H$2:H$36,MATCH($H70,[4]Sheet1!$A$2:$A$36,0))} -> 3 | AI70: =INDEX([4]Sheet1!T$2:T$36,MATCH($H70,[4]Sheet1!$A$2:$A$36,0)) -> 0 | AJ70: =INDEX([4]Sheet1!U$2:U$36,MATCH($H70,[4]Sheet1!$A$2:$A$36,0)) -> 11.2 | AK70: =INDEX([4]Sheet1!V$2:V$36,MATCH($H70,[4]Sheet1!$A$2:$A$36,0)) -> 0 | AL70: =INDEX([4]Sheet1!W$2:W$36,MATCH($H70,[4]Sheet1!$A$2:$A$36,0)) -> 35.714286 | AM70: =INDEX([4]Sheet1!N$2:N$36,MATCH($H70,[4]Sheet1!$A$2:$A$36,0)) -> 4200 | AN70: =INDEX([4]Sheet1!O$2:O$36,MATCH($H70,[4]Sheet1!$A$2:$A$36,0))
A71: 1004 | B71: 14 | C71: ="{"&K71&","&ROUNDUP(M71,0)&"},"&"{"&L71&","&ROUNDUP(N71,0)&"}" -> {10124,40},{21004,91} | D71: 650000 | E71: 82 | F71: ="{1,"&INT(S71*P71)&"},{2,"&INT(Q71*P71)&"},"&IF(R71=0,"","{3,"&INT(R71*P71)&"},")&"{6,"&INT(T71*P71)&"}" -> {1,4208},{2,1858},{6,1240} | G71: =1 -> 1 | H71: 坦克杀手 | I71: {=INDEX([1]英雄界面!$I$4:$I$41,MATCH(A71,[1]英雄界面!$A$4:$A$41,0))} -> 85 | J71: =1 -> 1 | K71: =CHOOSE(J71,INDEX([2]勋章!$I$7:$I$24,MATCH($B71,[2]勋章!$G$7:$G$24,0)),INDEX([2]勋章!$M$7:$M$24,MATCH($B71,[2]勋章!$G$7:$G$24,0)),INDEX([2]勋章!$P$7:$P$24,MATCH($B71,[2]勋章!$G$7:$G$24,0)),INDEX([2]勋章!$S$7:$S$24,MATCH($B71,[2]勋章!$G$7:$G$24,0))) -> 10124 | L71: {=INDEX([2]图纸掉落!$H$4:$H$38,MATCH(H71,[2]图纸掉落!$G$4:$G$38,0))} -> 21004 | M71: =M53 -> 40 | N71: =N53 -> 91 | O71: =INDEX([1]英雄界面!$J$4:$J$41,MATCH(A71,[1]英雄界面!$A$4:$A$41,0))/2 -> 2 | P71: =P53 -> 1 | Q71: =INT(INDEX([1]等级属性!B$4:B$203,MATCH($AC71,[1]等级属性!$A$4:$A$203,0))*V71/10000) -> 1858 | R71: =INT(INDEX([1]等级属性!C$4:C$203,MATCH($AC71,[1]等级属性!$A$4:$A$203,0))*W71/10000) -> 0 | S71: =INT(INDEX([1]等级属性!D$4:D$203,MATCH($AC71,[1]等级属性!$A$4:$A$203,0))*X71/10000) -> 4208 | T71: =INT(INDEX([1]等级属性!E$4:E$203,MATCH($AC71,[1]等级属性!$A$4:$A$203,0))*Y71/10000) -> 1240 | V71: {=INDEX(单位特点规划!D$2:D$37,MATCH($A71,单位特点规划!$A$2:$A$37,0))} -> 20000 | W71: {=INDEX(单位特点规划!E$2:E$37,MATCH($A71,单位特点规划!$A$2:$A$37,0))} -> 0 | X71: {=INDEX(单位特点规划!F$2:F$37,MATCH($A71,单位特点规划!$A$2:$A$37,0))} -> 15100 | Y71: {=INDEX(单位特点规划!G$2:G$37,MATCH($A71,单位特点规划!$A$2:$A$37,0))} -> 19300 | AA71: =1 -> 1 | AB71: =INT(INDEX([3]进阶属性!$C$2:$C$19,MATCH(B71,[3]进阶属性!$A$2:$A$19,0))/2*AH71) -> 13486 | AC71: =AC53 -> 85 | AD71: =INT((INDEX([3]标准单位!$J$2:$J$201,MATCH($AC71,[3]标准单位!$A$2:$A$201,0))*AE71)/(1-AE71)) -> 0 | AE71: =0 -> 0 | AF71: =AG71/AG$17 -> 0.67628613 | AG71: =(Q71/AM71*1000+IF(AN71<>"",R71/AN71*1000,0)+S71/3+T71/5)/AH71 -> 697.68254 | AH71: {=INDEX([4]Sheet1!H$2:H$36,MATCH($H71,[4]Sheet1!$A$2:$A$36,0))} -> 3 | AI71: =INDEX([4]Sheet1!T$2:T$36,MATCH($H71,[4]Sheet1!$A$2:$A$36,0)) -> 0 | AJ71: =INDEX([4]Sheet1!U$2:U$36,MATCH($H71,[4]Sheet1!$A$2:$A$36,0)) -> 11.2 | AK71: =INDEX([4]Sheet1!V$2:V$36,MATCH($H71,[4]Sheet1!$A$2:$A$36,0)) -> 0 | AL71: =INDEX([4]Sheet1!W$2:W$36,MATCH($H71,[4]Sheet1!$A$2:$A$36,0)) -> 35.714286 | AM71: =INDEX([4]Sheet1!N$2:N$36,MATCH($H71,[4]Sheet1!$A$2:$A$36,0)) -> 4200 | AN71: =INDEX([4]Sheet1!O$2:O$36,MATCH($H71,[4]Sheet1!$A$2:$A$36,0))
A72: 1004 | B72: 15 | C72: ="{"&K72&","&ROUNDUP(M72,0)&"},"&"{"&L72&","&ROUNDUP(N72,0)&"}" -> {10125,42},{21004,95} | D72: 700000 | E72: 87 | F72: ="{1,"&INT(S72*P72)&"},{2,"&INT(Q72*P72)&"},"&IF(R72=0,"","{3,"&INT(R72*P72)&"},")&"{6,"&INT(T72*P72)&"}" -> {1,4756},{2,2100},{6,1406} | G72: =1 -> 1 | H72: 坦克杀手 | I72: {=INDEX([1]英雄界面!$I$4:$I$41,MATCH(A72,[1]英雄界面!$A$4:$A$41,0))} -> 85 | J72: =1 -> 1 | K72: =CHOOSE(J72,INDEX([2]勋章!$I$7:$I$24,MATCH($B72,[2]勋章!$G$7:$G$24,0)),INDEX([2]勋章!$M$7:$M$24,MATCH($B72,[2]勋章!$G$7:$G$24,0)),INDEX([2]勋章!$P$7:$P$24,MATCH($B72,[2]勋章!$G$7:$G$24,0)),INDEX([2]勋章!$S$7:$S$24,MATCH($B72,[2]勋章!$G$7:$G$24,0))) -> 10125 | L72: {=INDEX([2]图纸掉落!$H$4:$H$38,MATCH(H72,[2]图纸掉落!$G$4:$G$38,0))} -> 21004 | M72: =M54 -> 42 | N72: =N54 -> 95 | O72: =INDEX([1]英雄界面!$J$4:$J$41,MATCH(A72,[1]英雄界面!$A$4:$A$41,0))/2 -> 2 | P72: =P54 -> 1 | Q72: =INT(INDEX([1]等级属性!B$4:B$203,MATCH($AC72,[1]等级属性!$A$4:$A$203,0))*V72/10000) -> 2100 | R72: =INT(INDEX([1]等级属性!C$4:C$203,MATCH($AC72,[1]等级属性!$A$4:$A$203,0))*W72/10000) -> 0 | S72: =INT(INDEX([1]等级属性!D$4:D$203,MATCH($AC72,[1]等级属性!$A$4:$A$203,0))*X72/10000) -> 4756 | T72: =INT(INDEX([1]等级属性!E$4:E$203,MATCH($AC72,[1]等级属性!$A$4:$A$203,0))*Y72/10000) -> 1406 | V72: {=INDEX(单位特点规划!D$2:D$37,MATCH($A72,单位特点规划!$A$2:$A$37,0))} -> 20000 | W72: {=INDEX(单位特点规划!E$2:E$37,MATCH($A72,单位特点规划!$A$2:$A$37,0))} -> 0 | X72: {=INDEX(单位特点规划!F$2:F$37,MATCH($A72,单位特点规划!$A$2:$A$37,0))} -> 15100 | Y72: {=INDEX(单位特点规划!G$2:G$37,MATCH($A72,单位特点规划!$A$2:$A$37,0))} -> 19300 | AA72: =1 -> 1 | AB72: =INT(INDEX([3]进阶属性!$C$2:$C$19,MATCH(B72,[3]进阶属性!$A$2:$A$19,0))/2*AH72) -> 17532 | AC72: =AC54 -> 90 | AD72: =INT((INDEX([3]标准单位!$J$2:$J$201,MATCH($AC72,[3]标准单位!$A$2:$A$201,0))*AE72)/(1-AE72)) -> 0 | AE72: =0 -> 0 | AF72: =AG72/AG$18 -> 0.67626831 | AG72: =(Q72/AM72*1000+IF(AN72<>"",R72/AN72*1000,0)+S72/3+T72/5)/AH72 -> 788.84444 | AH72: {=INDEX([4]Sheet1!H$2:H$36,MATCH($H72,[4]Sheet1!$A$2:$A$36,0))} -> 3 | AI72: =INDEX([4]Sheet1!T$2:T$36,MATCH($H72,[4]Sheet1!$A$2:$A$36,0)) -> 0 | AJ72: =INDEX([4]Sheet1!U$2:U$36,MATCH($H72,[4]Sheet1!$A$2:$A$36,0)) -> 11.2 | AK72: =INDEX([4]Sheet1!V$2:V$36,MATCH($H72,[4]Sheet1!$A$2:$A$36,0)) -> 0 | AL72: =INDEX([4]Sheet1!W$2:W$36,MATCH($H72,[4]Sheet1!$A$2:$A$36,0)) -> 35.714286 | AM72: =INDEX([4]Sheet1!N$2:N$36,MATCH($H72,[4]Sheet1!$A$2:$A$36,0)) -> 4200 | AN72: =INDEX([4]Sheet1!O$2:O$36,MATCH($H72,[4]Sheet1!$A$2:$A$36,0))
A73: 1004 | B73: 16 | C73: ="{"&K73&","&ROUNDUP(M73,0)&"},"&"{"&L73&","&ROUNDUP(N73,0)&"}" -> {10126,45},{21004,101} | D73: 750000 | E73: 92 | F73: ="{1,"&INT(S73*P73)&"},{2,"&INT(Q73*P73)&"},"&IF(R73=0,"","{3,"&INT(R73*P73)&"},")&"{6,"&INT(T73*P73)&"}" -> {1,5467},{2,2414},{6,1615} | G73: =1 -> 1 | H73: 坦克杀手 | I73: {=INDEX([1]英雄界面!$I$4:$I$41,MATCH(A73,[1]英雄界面!$A$4:$A$41,0))} -> 85 | J73: =1 -> 1 | K73: =CHOOSE(J73,INDEX([2]勋章!$I$7:$I$24,MATCH($B73,[2]勋章!$G$7:$G$24,0)),INDEX([2]勋章!$M$7:$M$24,MATCH($B73,[2]勋章!$G$7:$G$24,0)),INDEX([2]勋章!$P$7:$P$24,MATCH($B73,[2]勋章!$G$7:$G$24,0)),INDEX([2]勋章!$S$7:$S$24,MATCH($B73,[2]勋章!$G$7:$G$24,0))) -> 10126 | L73: {=INDEX([2]图纸掉落!$H$4:$H$38,MATCH(H73,[2]图纸掉落!$G$4:$G$38,0))} -> 21004 | M73: =M55 -> 45 | N73: =N55 -> 101 | O73: =INDEX([1]英雄界面!$J$4:$J$41,MATCH(A73,[1]英雄界面!$A$4:$A$41,0))/2 -> 2 | P73: =P55 -> 1 | Q73: =INT(INDEX([1]等级属性!B$4:B$203,MATCH($AC73,[1]等级属性!$A$4:$A$203,0))*V73/10000) -> 2414 | R73: =INT(INDEX([1]等级属性!C$4:C$203,MATCH($AC73,[1]等级属性!$A$4:$A$203,0))*W73/10000) -> 0 | S73: =INT(INDEX([1]等级属性!D$4:D$203,MATCH($AC73,[1]等级属性!$A$4:$A$203,0))*X73/10000) -> 5467 | T73: =INT(INDEX([1]等级属性!E$4:E$203,MATCH($AC73,[1]等级属性!$A$4:$A$203,0))*Y73/10000) -> 1615 | V73: {=INDEX(单位特点规划!D$2:D$37,MATCH($A73,单位特点规划!$A$2:$A$37,0))} -> 20000 | W73: {=INDEX(单位特点规划!E$2:E$37,MATCH($A73,单位特点规划!$A$2:$A$37,0))} -> 0 | X73: {=INDEX(单位特点规划!F$2:F$37,MATCH($A73,单位特点规划!$A$2:$A$37,0))} -> 15100 | Y73: {=INDEX(单位特点规划!G$2:G$37,MATCH($A73,单位特点规划!$A$2:$A$37,0))} -> 19300 | AA73: =1 -> 1 | AB73: =INT(INDEX([3]进阶属性!$C$2:$C$19,MATCH(B73,[3]进阶属性!$A$2:$A$19,0))/2*AH73) -> 22788 | AC73: =AC55 -> 95 | AD73: =INT((INDEX([3]标准单位!$J$2:$J$201,MATCH($AC73,[3]标准单位!$A$2:$A$201,0))*AE73)/(1-AE73)) -> 0 | AE73: =0 -> 0 | AF73: =AG73/AG$19 -> 0.67634498 | AG73: =(Q73/AM73*1000+IF(AN73<>"",R73/AN73*1000,0)+S73/3+T73/5)/AH73 -> 906.69841 | AH73: {=INDEX([4]Sheet1!H$2:H$36,MATCH($H73,[4]Sheet1!$A$2:$A$36,0))} -> 3 | AI73: =INDEX([4]Sheet1!T$2:T$36,MATCH($H73,[4]Sheet1!$A$2:$A$36,0)) -> 0 | AJ73: =INDEX([4]Sheet1!U$2:U$36,MATCH($H73,[4]Sheet1!$A$2:$A$36,0)) -> 11.2 | AK73: =INDEX([4]Sheet1!V$2:V$36,MATCH($H73,[4]Sheet1!$A$2:$A$36,0)) -> 0 | AL73: =INDEX([4]Sheet1!W$2:W$36,MATCH($H73,[4]Sheet1!$A$2:$A$36,0)) -> 35.714286 | AM73: =INDEX([4]Sheet1!N$2:N$36,MATCH($H73,[4]Sheet1!$A$2:$A$36,0)) -> 4200 | AN73: =INDEX([4]Sheet1!O$2:O$36,MATCH($H73,[4]Sheet1!$A$2:$A$36,0))
A74: 1004 | B74: 17 | C74: ="{"&K74&","&ROUNDUP(M74,0)&"},"&"{"&L74&","&ROUNDUP(N74,0)&"}" -> {10127,47},{21004,105} | D74: 800000 | E74: 97 | F74: ="{1,"&INT(S74*P74)&"},{2,"&INT(Q74*P74)&"},"&IF(R74=0,"","{3,"&INT(R74*P74)&"},")&"{6,"&INT(T74*P74)&"}" -> {1,6183},{2,2730},{6,1827} | G74: =1 -> 1 | H74: 坦克杀手 | I74: {=INDEX([1]英雄界面!$I$4:$I$41,MATCH(A74,[1]英雄界面!$A$4:$A$41,0))} -> 85 | J74: =1 -> 1 | K74: =CHOOSE(J74,INDEX([2]勋章!$I$7:$I$24,MATCH($B74,[2]勋章!$G$7:$G$24,0)),INDEX([2]勋章!$M$7:$M$24,MATCH($B74,[2]勋章!$G$7:$G$24,0)),INDEX([2]勋章!$P$7:$P$24,MATCH($B74,[2]勋章!$G$7:$G$24,0)),INDEX([2]勋章!$S$7:$S$24,MATCH($B74,[2]勋章!$G$7:$G$24,0))) -> 10127 | L74: {=INDEX([2]图纸掉落!$H$4:$H$38,MATCH(H74,[2]图纸掉落!$G$4:$G$38,0))} -> 21004 | M74: =M56 -> 47 | N74: =N56 -> 105 | O74: =INDEX([1]英雄界面!$J$4:$J$41,MATCH(A74,[1]英雄界面!$A$4:$A$41,0))/2 -> 2 | P74: =P56 -> 1 | Q74: =INT(INDEX([1]等级属性!B$4:B$203,MATCH($AC74,[1]等级属性!$A$4:$A$203,0))*V74/10000) -> 2730 | R74: =INT(INDEX([1]等级属性!C$4:C$203,MATCH($AC74,[1]等级属性!$A$4:$A$203,0))*W74/10000) -> 0 | S74: =INT(INDEX([1]等级属性!D$4:D$203,MATCH($AC74,[1]等级属性!$A$4:$A$203,0))*X74/10000) -> 6183 | T74: =INT(INDEX([1]等级属性!E$4:E$203,MATCH($AC74,[1]等级属性!$A$4:$A$203,0))*Y74/10000) -> 1827 | V74: {=INDEX(单位特点规划!D$2:D$37,MATCH($A74,单位特点规划!$A$2:$A$37,0))} -> 20000 | W74: {=INDEX(单位特点规划!E$2:E$37,MATCH($A74,单位特点规划!$A$2:$A$37,0))} -> 0 | X74: {=INDEX(单位特点规划!F$2:F$37,MATCH($A74,单位特点规划!$A$2:$A$37,0))} -> 15100 | Y74: {=INDEX(单位特点规划!G$2:G$37,MATCH($A74,单位特点规划!$A$2:$A$37,0))} -> 19300 | AA74: =1 -> 1 | AB74: =INT(INDEX([3]进阶属性!$C$2:$C$19,MATCH(B74,[3]进阶属性!$A$2:$A$19,0))/2*AH74) -> 29623 | AC74: =AC56 -> 100 | AD74: =INT((INDEX([3]标准单位!$J$2:$J$201,MATCH($AC74,[3]标准单位!$A$2:$A$201,0))*AE74)/(1-AE74)) -> 0 | AE74: =0 -> 0 | AF74: =AG74/AG$20 -> 0.67632086 | AG74: =(Q74/AM74*1000+IF(AN74<>"",R74/AN74*1000,0)+S74/3+T74/5)/AH74 -> 1025.4667 | AH74: {=INDEX([4]Sheet1!H$2:H$36,MATCH($H74,[4]Sheet1!$A$2:$A$36,0))} -> 3 | AI74: =INDEX([4]Sheet1!T$2:T$36,MATCH($H74,[4]Sheet1!$A$2:$A$36,0)) -> 0 | AJ74: =INDEX([4]Sheet1!U$2:U$36,MATCH($H74,[4]Sheet1!$A$2:$A$36,0)) -> 11.2 | AK74: =INDEX([4]Sheet1!V$2:V$36,MATCH($H74,[4]Sheet1!$A$2:$A$36,0)) -> 0 | AL74: =INDEX([4]Sheet1!W$2:W$36,MATCH($H74,[4]Sheet1!$A$2:$A$36,0)) -> 35.714286 | AM74: =INDEX([4]Sheet1!N$2:N$36,MATCH($H74,[4]Sheet1!$A$2:$A$36,0)) -> 4200 | AN74: =INDEX([4]Sheet1!O$2:O$36,MATCH($H74,[4]Sheet1!$A$2:$A$36,0))
